Authors,Publication Year,DOI,DOI Link
"Abas, A",2023,10.3389/fenvs.2023.970730,http://dx.doi.org/10.3389/fenvs.2023.970730
"Abas, A; Aziz, A; Awang, A",2022,10.3390/su14063415,http://dx.doi.org/10.3390/su14063415
"Abdelsalam, A; Happonen, A; Karha, K; Kapitonov, A; Porras, J",2022,10.1109/ACCESS.2022.3199691,http://dx.doi.org/10.1109/ACCESS.2022.3199691
"Abe, T",2022,10.1080/13416979.2021.1992700,http://dx.doi.org/10.1080/13416979.2021.1992700
"Abu, F; Gholami, H; Saman, MZM; Zakuan, N; Sharif, S; Streimikiene, D",2021,10.1007/s00107-021-01713-2,http://dx.doi.org/10.1007/s00107-021-01713-2
"Acebes, P; Lillo, P; Jaime-González, C",2021,10.3390/rs13173447,http://dx.doi.org/10.3390/rs13173447
"Acosta, AL; d'Albertas, F; Leite, MD; Saraiva, AM; Metzger, JPW",2018,10.1111/rec.12882,http://dx.doi.org/10.1111/rec.12882
"Acreman, M; Casier, R; Salathe, T",2022,10.1007/s13157-022-01570-6,http://dx.doi.org/10.1007/s13157-022-01570-6
"Agarwala, M; Ginsberg, JR",2017,10.1111/cobi.12954,http://dx.doi.org/10.1111/cobi.12954
"Aglietti, C; Cappelli, A; Andreani, A",2022,10.3390/su141912181,http://dx.doi.org/10.3390/su141912181
"Agnol, LD; Dias, FTG; Ornaghi, HL; Sangermano, M; Bianchi, O",2021,10.1016/j.porgcoat.2021.106156,http://dx.doi.org/10.1016/j.porgcoat.2021.106156
"Ahac, M; Ahac, S; Lakusic, S",2021,10.3390/su13020536,http://dx.doi.org/10.3390/su13020536
"Ahn, N; Dodoo, A; Riggio, M; Muszynski, L; Schimleck, L; Puettmann, M",2022,10.1016/j.jobe.2022.104562,http://dx.doi.org/10.1016/j.jobe.2022.104562
"Akhtar, MN; Bani-Hani, KA; Akhtar, JN; Khan, RA; Nejem, JK; Zaidi, K",2022,10.1007/s10163-022-01436-3,http://dx.doi.org/10.1007/s10163-022-01436-3
"Ala-Aho, P; Autio, A; Bhattacharjee, J; Isokangas, E; Kujala, K; Marttila, H; Menberu, M; Meriö, LJ; Postila, H; Rauhala, A; Ronkanen, AK; Rossi, PM; Saari, M; Haghighi, AT; Klove, B",2021,10.1088/1748-9326/abe82c,http://dx.doi.org/10.1088/1748-9326/abe82c
"Alayan, R; Rotich, B; Lakner, Z",2022,10.3390/f13091354,http://dx.doi.org/10.3390/f13091354
"Alberti, MA; Blanco, I; Vox, G; Scarascia-Mugnozza, G; Schettini, E; da Silva, LP",2022,10.1016/j.scs.2022.103961,http://dx.doi.org/10.1016/j.scs.2022.103961
"Albrecht, AT; de Avila, AL",2018,10.23765/afjz0002025,http://dx.doi.org/10.23765/afjz0002025
"Alhasso, B; Ghori, MU; Conway, BR",2022,10.3390/scipharm90010014,http://dx.doi.org/10.3390/scipharm90010014
"Ali, A; Yan, ER",2017,,
"Allegretto, G; Kendal, D; Flies, EJ",2022,10.1016/j.ufug.2022.127664,http://dx.doi.org/10.1016/j.ufug.2022.127664
"Alonso-Sardón, M; Chamorro, AJ; Hernández-García, I; Iglesias-de-Sena, H; Martín-Rodero, H; Herrera, C; Marcos, M; Mirón-Canelo, JA",2015,10.1371/journal.pone.0133024,http://dx.doi.org/10.1371/journal.pone.0133024
"Alsammak, ILH; Mahmoud, MA; Aris, H; AlKilabi, M; Mahdi, MN",2022,10.3390/f13050811,http://dx.doi.org/10.3390/f13050811
"Altamimi, M; Zidan, S; Badrasawi, M",2020,10.1177/1178638820926521,http://dx.doi.org/10.1177/1178638820926521
"Alves-Ferreira, G; Talora, DC; Solé, M; Cervantes-López, MJ; Heming, NM",2022,10.3389/fevo.2022.987237,http://dx.doi.org/10.3389/fevo.2022.987237
"Alvites, C; Marchetti, M; Lasserre, B; Santopuoli, G",2022,10.3390/rs14184466,http://dx.doi.org/10.3390/rs14184466
"Amador-Cruz, F; Figueroa-Rangel, BL; Olvera-Vargas, M; Mendoza, ME",2021,10.1016/j.ecolind.2021.107856,http://dx.doi.org/10.1016/j.ecolind.2021.107856
"Amani, M; Graça, MAS; Ferreira, V",2019,10.1002/iroh.201801965,http://dx.doi.org/10.1002/iroh.201801965
"Amran, YHM; El-Zeadani, M; Lee, YH; Lee, YY; Murali, G; Feduik, R",2020,10.1016/j.istruc.2020.07.044,http://dx.doi.org/10.1016/j.istruc.2020.07.044
"Ancora, LA; Blanco-Mora, DA; Alves, I; Bonifácio, A; Morgado, P; Miranda, B",2022,10.3389/fpsyt.2022.983352,http://dx.doi.org/10.3389/fpsyt.2022.983352
"Ancuceanu, R; Dinu, M; Hovanet, MV; Anghel, AI; Popescu, CV; Negres, S",2015,10.3390/nu7125535,http://dx.doi.org/10.3390/nu7125535
"Andersen, CE; Rasmussen, FN; Habert, G; Birgisdottir, H",2021,10.3389/fbuil.2021.729096,http://dx.doi.org/10.3389/fbuil.2021.729096
"Andersen, L; Corazon, SS; Stigsdotter, UK",2021,10.3390/ijerph18041416,http://dx.doi.org/10.3390/ijerph18041416
"Antonelli, M; Barbieri, G; Donelli, D",2019,10.1007/s00484-019-01717-x,http://dx.doi.org/10.1007/s00484-019-01717-x
"Antwi, EK; Boakye-Danquah, J; Owusu-Banahene, W; Webster, K; Dabros, A; Wiebe, P; Mayor, SJ; Westwood, A; Mansuy, N; Setiawati, MD; Yohuno, PT; Bill, K; Kwaku, A; Kosuta, S; Sarfo, AK",2022,10.1016/j.jenvman.2022.115277,http://dx.doi.org/10.1016/j.jenvman.2022.115277
"Arantes, BL; Mauad, T; Silva, DF",2019,10.1505/146554819826606559,http://dx.doi.org/10.1505/146554819826606559
"Arce-Mojica, TD; Nehren, U; Sudmeier-Rieux, K; Miranda, PJ; Anhuf, D",2019,10.1016/j.ijdrr.2019.101293,http://dx.doi.org/10.1016/j.ijdrr.2019.101293
"Ardoin, NM; Bowers, AW",2020,10.1016/edurev.2020.100353,http://dx.doi.org/10.1016/edurev.2020.100353
"Torres-Fajardo, RA; González-Pech, PG; Torres-Acosta, JFD; Sandoval-Castro, CA",2021,10.3390/agronomy11071403,http://dx.doi.org/10.3390/agronomy11071403
"Asadollahi, A; Khoobdel, M; Zahraei-Ramazani, A; Azarmi, S; Mosawi, SH",2019,10.1186/s12936-019-3064-8,http://dx.doi.org/10.1186/s12936-019-3064-8
"Ascher, S; Watson, I; You, SM",2022,10.1016/j.rser.2021.111902,http://dx.doi.org/10.1016/j.rser.2021.111902
"Asprilla-Perea, J; Díaz-Puente, JM; Martín-Fernández, S",2020,10.3390/f11060687,http://dx.doi.org/10.3390/f11060687
"Auer, V; Rauch, P",2021,10.1016/j.biombioe.2021.106001,http://dx.doi.org/10.1016/j.biombioe.2021.106001
"Aumeeruddy, MZ; Mahomoodally, MF",2021,10.1016/j.hermed.2021.100435,http://dx.doi.org/10.1016/j.hermed.2021.100435
"Aumeeruddy, MZ; Mahomoodally, MF",2020,10.1016/j.sajb.2020.09.008,http://dx.doi.org/10.1016/j.sajb.2020.09.008
"Pagès, AB; Peñuelas, J; Clarà, J; Llusià, J; López, FCI; Maneja, R",2020,10.3390/ijerph17031027,http://dx.doi.org/10.3390/ijerph17031027
"Badzmierowski, MJ; Evanylo, GK; Daniels, WL; Haering, KC",2021,10.1186/s13750-021-00221-3,http://dx.doi.org/10.1186/s13750-021-00221-3
"Bahr, TA; Rodriguez, D; Beaumont, C; Allred, K",2019,10.1155/2019/6216745,http://dx.doi.org/10.1155/2019/6216745
"Balogh, JM; Mizik, T",2021,10.3390/economies9030099,http://dx.doi.org/10.3390/economies9030099
"Balogun, AL; Tella, A; Baloo, L; Adebisi, N",2021,10.1016/j.uclim.2021.100989,http://dx.doi.org/10.1016/j.uclim.2021.100989
"Baltzinger, C; Karimi, S; Shukla, U",2019,10.3389/fevo.2019.00038,http://dx.doi.org/10.3389/fevo.2019.00038
"Ban, YF; Xia, TS; Jing, R; Guo, YL; Geng, YY; Ye, Q; Zheng, CJ",2020,10.2174/1381612825666191216151703,http://dx.doi.org/10.2174/1381612825666191216151703
"Banias, G; Achillas, C; Vlachokostas, C; Moussiopoulos, N; Stefanou, M",2017,10.1002/jsfa.8143,http://dx.doi.org/10.1002/jsfa.8143
"Barrio, IC; Barbero-Palacios, L; Kaarlejärvi, E; Speed, JDM; Heiomarsson, S; Hik, DS; Soininen, EM",2022,10.1186/s13750-022-00257-z,http://dx.doi.org/10.1186/s13750-022-00257-z
"Barrios-Ulloa, A; Ariza-Colpas, PP; Sánchez-Moreno, H; Quintero-Linero, AP; De la Hoz-Franco, E",2022,10.3390/s22145285,http://dx.doi.org/10.3390/s22145285
"Bartholomée, O; Grigulis, K; Colace, MP; Arnoldi, C; Lavorel, S",2018,10.1016/j.ecolind.2018.07.054,http://dx.doi.org/10.1016/j.ecolind.2018.07.054
"Barton, O; Gresham, A; Healey, JR; Cordes, LS; Shannon, G",2022,10.1371/journal.pone.0267385,http://dx.doi.org/10.1371/journal.pone.0267385
"Basarin, B; Lukic, T; Matzarakis, A",2020,10.3390/atmos11121276,http://dx.doi.org/10.3390/atmos11121276
"Basile, M; Mikusinski, G; Storch, I",2019,10.1016/j.gecco.2019.e00615,http://dx.doi.org/10.1016/j.gecco.2019.e00615
"Bauer, T",2022,,
"Rodriguez, SCB; Pardo, MC; Morel, L; Bachmann, C",2018,,
"Bazli, M; Heitzmann, M; Ashrafi, H",2022,10.1016/j.jobe.2021.103981,http://dx.doi.org/10.1016/j.jobe.2021.103981
"Bazrafshan, E; Amirian, P; Mahvi, AH; Ansari-Moghaddam, A",2016,,
"Beach, RH; Pattanayak, SK; Yang, JC; Murray, BC; Abt, RC",2005,10.1016/S1389-9341(03)00065-0,http://dx.doi.org/10.1016/S1389-9341(03)00065-0
"Begum, MS; Park, JH; Yang, LY; Shin, KH; Hur, J",2023,10.1016/j.watres.2022.119362,http://dx.doi.org/10.1016/j.watres.2022.119362
"Beillouin, D; Ben-Ari, T; Makowski, D",2019,10.1088/1748-9326/ab4449,http://dx.doi.org/10.1088/1748-9326/ab4449
"Beillouin, D; Ben-Ari, T; Makowski, D",2019,10.1016/j.dib.2019.103898,http://dx.doi.org/10.1016/j.dib.2019.103898
"Bernes, C; Macura, B; Jonsson, BG; Junninen, K; Müller, J; Sandström, J; Lohmus, A; Macdonald, E",2018,10.1186/s13750-018-0125-3,http://dx.doi.org/10.1186/s13750-018-0125-3
"Bernes, C; Jonsson, BG; Junninen, K; Lohmus, A; Macdonald, E; Müller, J; Sandström, J",2015,10.1186/s13750-015-0050-7,http://dx.doi.org/10.1186/s13750-015-0050-7
"Bernes, C; Bråthen, KA; Forbes, BC; Speed, JDM; Moen, J",2015,10.1186/s13750-014-0030-3,http://dx.doi.org/10.1186/s13750-014-0030-3
"Berretta, M; Furgeson, J; Wu, Y; Zamawe, C; Hamilton, I; Eyers, J",2021,10.1002/cl2.1206,http://dx.doi.org/10.1002/cl2.1206
"Bikomeye, JC; Balza, JS; Kwarteng, JL; Beyer, AM; Beyer, KMM",2022,10.1371/journal.pone.0276517,http://dx.doi.org/10.1371/journal.pone.0276517
"Biljecki, F; Ito, K",2021,10.1016/j.landurbplan.2021.104217,http://dx.doi.org/10.1016/j.landurbplan.2021.104217
"Boccacci, G; Frasca, F; Bertolin, C; Siani, AM",2022,10.3390/app12020859,http://dx.doi.org/10.3390/app12020859
"Boehm, AB; Bell, CD; Fitzgerald, NJM; Gallo, E; Higgins, CP; Hogue, TS; Luthy, RG; Portmann, AC; Ulrich, BA; Wolfand, JM",2020,10.1039/d0ew00027b,http://dx.doi.org/10.1039/d0ew00027b
"Börner, J; Schulz, D; Wunder, S; Pfaff, A",2020,10.1146/annurev-resource-110119-025703,http://dx.doi.org/10.1146/annurev-resource-110119-025703
"Boesing, AL; Nichols, E; Metzger, JP",2017,10.1007/s10980-017-0503-1,http://dx.doi.org/10.1007/s10980-017-0503-1
"Bolling, BW; Chen, CYO; McKay, DL; Blumberg, JB",2011,10.1017/S095442241100014X,http://dx.doi.org/10.1017/S095442241100014X
"Bolouki, A",2023,10.1080/09603123.2022.2085675,http://dx.doi.org/10.1080/09603123.2022.2085675
"Boraah, N; Chakma, S; Kaushal, P",2022,10.1016/j.jece.2022.107825,http://dx.doi.org/10.1016/j.jece.2022.107825
"Bot, K; Borges, JG",2022,10.3390/inventions7010015,http://dx.doi.org/10.3390/inventions7010015
"Botzat, A; Fischer, LK; Kowarik, I",2016,10.1016/j.gloenvcha.2016.04.008,http://dx.doi.org/10.1016/j.gloenvcha.2016.04.008
"Bowler, DE; Mant, R; Orr, H; Hannah, DM; Pullin, AS",2012,10.1186/2047-2382-1-3,http://dx.doi.org/10.1186/2047-2382-1-3
"Bowler, DE; Buyung-Ali, L; Knight, TM; Pullin, AS",2010,10.1016/j.landurbplan.2010.05.006,http://dx.doi.org/10.1016/j.landurbplan.2010.05.006
"Branco, M; Brockerhoff, EG; Castagneyrol, B; Orazio, C; Jactel, H",2015,10.1111/1365-2664.12362,http://dx.doi.org/10.1111/1365-2664.12362
"Brandt, JS; Buckley, RC",2018,10.1016/j.cosust.2018.04.004,http://dx.doi.org/10.1016/j.cosust.2018.04.004
"Bray, I; Reece, R; Sinnett, D; Martin, F; Hayward, R",2022,10.1016/j.envres.2022.114081,http://dx.doi.org/10.1016/j.envres.2022.114081
"Brennan, SE; McDonald, S; Murano, M; McKenzie, JE",2022,10.1186/s13643-022-02015-1,http://dx.doi.org/10.1186/s13643-022-02015-1
"Brettig, T; Dang, T; McWilliam, V; Peters, RL; Koplin, JJ; Perrett, KP",2021,10.1016/j.jaip.2020.12.048,http://dx.doi.org/10.1016/j.jaip.2020.12.048
"Bring, A; Rosén, L; Thorslund, J; Tonderski, K; Åberg, C; Envall, I; Laudon, H",2020,10.1186/s13750-020-00209-5,http://dx.doi.org/10.1186/s13750-020-00209-5
"Brites, AD; Morsello, C",2016,10.5380/dma.v36i0.43924,http://dx.doi.org/10.5380/dma.v36i0.43924
"Broadfield, N; McHenry, MT",2019,10.3390/plants8110523,http://dx.doi.org/10.3390/plants8110523
"Brouwers, NC; Newton, AC",2009,10.1111/j.1752-4598.2008.00041.x,http://dx.doi.org/10.1111/j.1752-4598.2008.00041.x
"Brown, SE; Miller, DC; Ordonez, PJ; Baylis, K",2018,10.1186/s13750-018-0136-0,http://dx.doi.org/10.1186/s13750-018-0136-0
"Browning, MHEM; Saeidi-Rizi, F; McAnirlin, O; Yoon, H; Pei, Y",2021,10.1177/0013916520906481,http://dx.doi.org/10.1177/0013916520906481
"Brzoska, P; Spage, A",2020,10.3390/land9050150,http://dx.doi.org/10.3390/land9050150
"Burton, V; Moseley, D; Brown, C; Metzger, MJ; Bellamy, P",2018,10.1016/j.foreco.2018.08.003,http://dx.doi.org/10.1016/j.foreco.2018.08.003
"Cantarello, E; Newton, AC; Hill, RA",2011,10.1016/j.envsci.2010.10.001,http://dx.doi.org/10.1016/j.envsci.2010.10.001
"Cantele, M; Bal, P; Kompas, T; Hadjikakou, M; Wintle, B",2021,10.1029/2020EF001923,http://dx.doi.org/10.1029/2020EF001923
"Cao, Q; Liu, YP; Georgescu, M; Wu, JG",2020,10.1007/s10980-020-01015-7,http://dx.doi.org/10.1007/s10980-020-01015-7
"Caparros-Santiago, JA; Rodriguez-Galiano, V; Dash, J",2021,10.1016/j.isprsjprs.2020.11.019,http://dx.doi.org/10.1016/j.isprsjprs.2020.11.019
"Carlson, AK; Zaehringer, JG; Garrett, RD; Silva, RFB; Furumo, PR; Rey, ANR; Torres, A; Chung, MG; Li, YJ; Liu, JG",2018,10.3390/su10124426,http://dx.doi.org/10.3390/su10124426
"Carlucci, MB; Brancalion, PHS; Rodrigues, RR; Loyola, R; Cianciaruso, MV",2020,10.1111/rec.13279,http://dx.doi.org/10.1111/rec.13279
"Carr, JA; Petrokofsky, G; Spracklen, DV; Lewis, SL; Roe, D; Trull, N; Vidal, A; Wicander, S; Worthington-Hill, J; Sallu, SM",2021,10.1016/j.forpol.2021.102423,http://dx.doi.org/10.1016/j.forpol.2021.102423
"Carrick, J; Rahim, MSAB; Adjei, C; Kalee, HHHA; Banks, SJ; Bolam, FC; Luna, IMC; Clark, B; Cowton, J; Domingos, IFN; Golicha, DD; Gupta, G; Grainger, M; Hasanaliyeva, G; Hodgson, DJ; Lopez-Capel, E; Magistrali, AJ; Merrell, IG; Oikeh, I; Othman, MS; Mudiyanselage, TKRR; Samuel, CWC; Sufar, EKH; Watson, PA; Zakaria, NNAB; Stewart, G",2019,10.1111/jfr3.12484,http://dx.doi.org/10.1111/jfr3.12484
"Carvalho, LSO; Ozudogru, EA; Lambardi, M; Paiva, LV",2019,10.15835/nbha47211305,http://dx.doi.org/10.15835/nbha47211305
"Casimiro, MS; Sansevero, JBB; Queiroz, JM",2019,10.1016/j.ecolind.2019.03.018,http://dx.doi.org/10.1016/j.ecolind.2019.03.018
"Cassey, P; Delean, S; Lockwood, JL; Sadowski, JS; Blackburn, TM",2018,10.1371/journal.pbio.2005987,http://dx.doi.org/10.1371/journal.pbio.2005987
"Eubank, PLC; Abreu, LG; Violante, IP; Volpato, LER",2021,10.1007/s00520-021-06247-0,http://dx.doi.org/10.1007/s00520-021-06247-0
"Castle, SE; Miller, DC; Merten, N; Ordonez, PJ; Baylis, K",2022,10.1186/s13750-022-00260-4,http://dx.doi.org/10.1186/s13750-022-00260-4
"Cazalis, V; Loreau, M; Barragan-Jason, G",2023,10.1002/fee.2540,http://dx.doi.org/10.1002/fee.2540
"Cesprini, E; Resente, G; Causin, V; Urso, T; Cavalli, R; Zanetti, M",2020,10.1016/j.fuel.2019.116520,http://dx.doi.org/10.1016/j.fuel.2019.116520
"Chassagne, F; Samarakoon, T; Porras, G; Lyles, JT; Dettweiler, M; Marquez, L; Salam, AM; Shabih, S; Farrokhi, DR; Quave, CL",2021,10.3389/fphar.2020.586548,http://dx.doi.org/10.3389/fphar.2020.586548
"Chen, HL; Koprowski, JL",2019,10.4404/hystrix-00185-2018,http://dx.doi.org/10.4404/hystrix-00185-2018
"Chen, Z; Hermes, J; Liu, J; von Haaren, C",2022,10.1016/j.ecolind.2022.109156,http://dx.doi.org/10.1016/j.ecolind.2022.109156
"Cheng, SH; MacLeod, K; Ahlroth, S; Onder, S; Perge, E; Shyamsundar, P; Rana, P; Garside, R; Kristjanson, P; McKinnon, MC; Miller, DC",2019,10.1186/s13750-019-0148-4,http://dx.doi.org/10.1186/s13750-019-0148-4
"Cheng, XQ; Liu, JX; Liu, HW; Lu, SS",2021,10.1016/j.landurbplan.2021.104123,http://dx.doi.org/10.1016/j.landurbplan.2021.104123
"Chiarello, F; Steiner, MTA; de Oliveira, EB; Arce, JE; Ferreira, JC",2019,10.1590/01047760201925022626,http://dx.doi.org/10.1590/01047760201925022626
"Chicas, SD; Nielsen, JO",2022,10.1007/s11069-022-05495-5,http://dx.doi.org/10.1007/s11069-022-05495-5
"Chiuffo, MC; Moyano, J; Policelli, N; Torres, A; Vitali, A; Nuñez, MA; Rodriguez-Cabal, MA",2022,10.1111/1365-2745.13929,http://dx.doi.org/10.1111/1365-2745.13929
"Choi, C; Berry, P; Smith, A",2021,10.1016/j.jenvman.2021.112583,http://dx.doi.org/10.1016/j.jenvman.2021.112583
"Chu, DK",2022,10.1097/MOP.0000000000001180,http://dx.doi.org/10.1097/MOP.0000000000001180
"Cimburova, Z; Pont, MB",2021,10.1016/j.ecoser.2021.101296,http://dx.doi.org/10.1016/j.ecoser.2021.101296
"Cimino, AM; Boyles, AL; Thayer, KA; Perry, MJ",2017,10.1289/EHP515,http://dx.doi.org/10.1289/EHP515
"Coleman, AF; Harper, RW; Eisenman, TS; Warner, SH; Wilkinson, MA",2022,10.3390/f13111779,http://dx.doi.org/10.3390/f13111779
"Comte, A; Campagne, CS; Lange, S; Bruzón, AG; Hein, L; Santos-Martín, F; Levrel, H",2022,10.1016/j.ecoser.2022.101486,http://dx.doi.org/10.1016/j.ecoser.2022.101486
"Corada, K; Woodward, H; Alaraj, H; Collins, CM; de Nazelle, A",2021,10.1016/j.envpol.2020.116104,http://dx.doi.org/10.1016/j.envpol.2020.116104
"Corazon, SS; Sidenius, U; Poulsen, DV; Gramkow, MC; Stigsdotter, UK",2019,10.3390/ijerph16101711,http://dx.doi.org/10.3390/ijerph16101711
"Cordero, S; Gálvez, F; Fontúrbel, FE",2023,10.3390/plants12020261,http://dx.doi.org/10.3390/plants12020261
"Cosola, G; Grigolato, S; Ackerman, P; Monterotti, S; Cavalli, R",2016,,
"Creedon, AC; Hung, ES; Berry, SE; Whelan, K",2020,10.3390/nu12082347,http://dx.doi.org/10.3390/nu12082347
"Crowley, LM; Sadler, JP; Pritchard, J; Hayward, SAL",2021,10.3390/insects12060512,http://dx.doi.org/10.3390/insects12060512
"Curveira-Santos, G; Santos, MJ; Santos-Reis, M; Rosalino, LM",2021,10.1007/s10531-020-02093-4,http://dx.doi.org/10.1007/s10531-020-02093-4
"D'Amato, D; Gaio, M; Semenzin, E",2020,10.1016/j.scitotenv.2019.135859,http://dx.doi.org/10.1016/j.scitotenv.2019.135859
"D'Angelo, J; Ritchie, SD; Oddson, B; Gagnon, DD; Mrozewski, T; Little, J; Nault, S",2023,10.3390/ijerph20021330,http://dx.doi.org/10.3390/ijerph20021330
"da Silva, AR; Pinto, KNS; Maserti, BE; Santos, HP; Gesteira, AD",2021,10.1071/FP20349,http://dx.doi.org/10.1071/FP20349
"Dainelli, R; Toscano, P; Di Gennaro, SF; Matese, A",2021,10.3390/f12040397,http://dx.doi.org/10.3390/f12040397
"Dainelli, R; Toscano, P; Di Gennaro, SF; Matese, A",2021,10.3390/f12030327,http://dx.doi.org/10.3390/f12030327
"Dalboge, A; Kolstad, HA; Ulrik, CS; Sherson, DL; Meyer, HW; Ebbehoj, N; Sigsgaard, T; Zock, JP; Baur, X; Schlünssen, V",2023,10.1093/annweh/wxac074,http://dx.doi.org/10.1093/annweh/wxac074
"Dankiw, KA; Tsiros, MD; Baldock, KL; Kumar, S",2020,10.1371/journal.pone.0229006,http://dx.doi.org/10.1371/journal.pone.0229006
"Dashtpeyma, M; Ghodsi, R",2021,10.3390/su13126964,http://dx.doi.org/10.3390/su13126964
"Davies, ZG; Tyler, C; Stewart, GB; Pullin, AS",2008,10.1007/s10531-007-9242-y,http://dx.doi.org/10.1007/s10531-007-9242-y
"Davies, ZG; Pullin, AS",2007,10.1007/s10980-006-9064-4,http://dx.doi.org/10.1007/s10980-006-9064-4
"Lourenço, DD; Branco, I; Choupina, A",2022,10.1007/s11033-022-07547-2,http://dx.doi.org/10.1007/s11033-022-07547-2
"de Graaf, L; Boulanger, M; Bureau, M; Bouvier, G; Meryet-Figuiere, M; Tual, S; Lebailly, P; Baldi, I",2022,10.1016/j.envres.2021.111822,http://dx.doi.org/10.1016/j.envres.2021.111822
"Araújo, HCD; Martins, FS; Cortese, TTP; Locosselli, GM",2021,10.1016/j.ufug.2021.127410,http://dx.doi.org/10.1016/j.ufug.2021.127410
"de Silva, D; Geromi, M; Panesar, SS; Muraro, A; Werfel, T; Hoffmann-Sommergruber, K; Roberts, G; Cardona, V; Dubois, AEJ; Halken, S; Host, A; Poulsen, LK; Van Ree, R; Vlieg-Boerstra, BJ; Agache, I; Sheikh, A",2014,10.1111/all.12314,http://dx.doi.org/10.1111/all.12314
"de Souza, DC",2022,10.1111/rec.13631,http://dx.doi.org/10.1111/rec.13631
"Del Rio, DDF; Sovacool, BK; Griffiths, S; Bazilian, M; Kim, J; Foley, AM; Rooney, D",2022,10.1016/j.rser.2022.112706,http://dx.doi.org/10.1016/j.rser.2022.112706
"Delibes, M; Castaneda, I; Fedriani, JM",2019,10.3389/fevo.2019.00265,http://dx.doi.org/10.3389/fevo.2019.00265
"Delmas, CEL; Delzon, S; Lortie, CJ",2011,10.1556/ComEc.12.2011.2.4,http://dx.doi.org/10.1556/ComEc.12.2011.2.4
"Deng, HM; Liang, QM; Liu, LJ; Anadon, LD",2017,10.1088/1748-9326/aa98d2,http://dx.doi.org/10.1088/1748-9326/aa98d2
"Deng, XH; Xiong, KN; Yu, YH; Zhang, SH; Kong, LW; Zhang, Y",2023,10.3390/f14010088,http://dx.doi.org/10.3390/f14010088
"Deniz, M; De-Sousa, KT; Vieira, FMC; do Vale, MM; Dittrich, JR; Daros, RR; Hötzel, MJ",2023,10.1007/s00484-023-02431-5,http://dx.doi.org/10.1007/s00484-023-02431-5
"Derhab, N; Elkhwesky, Z",2023,10.1007/s11356-022-24742-7,http://dx.doi.org/10.1007/s11356-022-24742-7
"Di Girolami, E; Kampen, J; Arts, B",2023,10.1016/j.forpol.2022.102864,http://dx.doi.org/10.1016/j.forpol.2022.102864
"Dias, M; Gomes, B; Cervantes, R; Pena, P; Viegas, S; Viegas, C",2022,10.3390/atmos13020266,http://dx.doi.org/10.3390/atmos13020266
"Dixit, MK; Singh, S; Lavy, S; Yan, W",2019,10.1108/F-03-2018-0042,http://dx.doi.org/10.1108/F-03-2018-0042
"Djernis, D; Lerstrup, I; Poulsen, D; Stigsdotter, U; Dahlgaard, J; O'Toole, M",2019,10.3390/ijerph16173202,http://dx.doi.org/10.3390/ijerph16173202
"Dolejs, M; Forejt, M",2019,10.2478/quageo-2019-0013,http://dx.doi.org/10.2478/quageo-2019-0013
"Domínguez-Begines, J; Avila, JM; García, LV; Gómez-Aparicio, L",2021,10.1002/ecy.3430,http://dx.doi.org/10.1002/ecy.3430
"Dong, YH; Ng, ST; Liu, P",2021,10.1016/j.buildenv.2021.108162,http://dx.doi.org/10.1016/j.buildenv.2021.108162
"Donnison, C; Holland, RA; Harris, ZM; Eigenbrod, F; Taylor, G",2021,10.1088/1748-9326/ac22be,http://dx.doi.org/10.1088/1748-9326/ac22be
"Donoso, I; Fricke, EC; Hervías-Parejo, S; Rogers, HS; Traveset, A",2022,10.3389/fevo.2022.794481,http://dx.doi.org/10.3389/fevo.2022.794481
"Dórea, RJD; Silva, DAL; Neto, JAD; Rodrigues, LB",2022,10.1080/08961530.2021.1951918,http://dx.doi.org/10.1080/08961530.2021.1951918
"Ribas, LGD; Pressey, RL; Loyola, R; Bini, LM",2020,10.1016/j.biocon.2020.108595,http://dx.doi.org/10.1016/j.biocon.2020.108595
"Downs, PW; Piégay, H",2019,10.1016/j.geomorph.2019.03.021,http://dx.doi.org/10.1016/j.geomorph.2019.03.021
"Drahota, A; Felix, LM; Raftery, J; Keenan, BE; Lachance, CC; Mackey, DC; Markham, C; Laing, AC",2022,10.1186/s12877-021-02670-4,http://dx.doi.org/10.1186/s12877-021-02670-4
"Drepper, B; Bamps, B; Gobin, A; Van Orshoven, J",2022,10.1186/s13750-022-00281-z,http://dx.doi.org/10.1186/s13750-022-00281-z
"Duan, ZC; Huang, Q; Zhang, Q",2022,10.1016/j.buildenv.2022.109320,http://dx.doi.org/10.1016/j.buildenv.2022.109320
"Duarte, A; Borralho, N; Cabral, P; Caetano, M",2022,10.3390/f13060911,http://dx.doi.org/10.3390/f13060911
"Dzhambov, AM; Dimitrova, DD; Dimitrakova, ED",2014,10.1016/j.ufug.2014.09.004,http://dx.doi.org/10.1016/j.ufug.2014.09.004
"Chaves, MED; Picoli, MCA; Sanches, ID",2020,10.3390/rs12183062,http://dx.doi.org/10.3390/rs12183062
"Eales, J; Haddaway, NR; Bernes, C; Cooke, SJ; Jonsson, BG; Kouki, J; Petrokofsky, G; Taylor, JJ",2018,10.1186/s13750-018-0131-5,http://dx.doi.org/10.1186/s13750-018-0131-5
"Echegaray, N; Gómez, B; Barba, FJ; Franco, D; Estévez, M; Carballo, J; Marszalek, K; Lorenzo, JM",2018,10.1016/j.tifs.2018.10.005,http://dx.doi.org/10.1016/j.tifs.2018.10.005
"Ecke, S; Dempewolf, J; Frey, J; Schwaller, A; Endres, E; Klemmt, HJ; Tiede, D; Seifert, T",2022,10.3390/rs14133205,http://dx.doi.org/10.3390/rs14133205
"Edwards, D; Voronina, A; Attwood, K; Grand'Maison, A",2021,10.1186/s13643-021-01769-4,http://dx.doi.org/10.1186/s13643-021-01769-4
"Eekhout, JPC; de Vente, J",2022,10.1016/j.earscirev.2022.103921,http://dx.doi.org/10.1016/j.earscirev.2022.103921
"Eisenman, TS; Coleman, AF; LaBombard, G",2021,10.3390/urbansci5030056,http://dx.doi.org/10.3390/urbansci5030056
"El Akkari, M; Réchauchère, O; Bispo, A; Gabrielle, B; Makowski, D",2018,10.1038/s41598-018-26712-x,http://dx.doi.org/10.1038/s41598-018-26712-x
"Elliott, H; Eon, C; Breadsell, JK",2020,10.3390/buildings10120219,http://dx.doi.org/10.3390/buildings10120219
"Embacher, J; Zeilinger, S; Kirchmair, M; Rodriguez-r, LM; Neuhauser, S",2023,10.1016/j.fbr.2022.100305,http://dx.doi.org/10.1016/j.fbr.2022.100305
"Engelsman, M; Toms, LML; Banks, APW; Wang, XY; Mueller, JF",2020,10.1016/j.envres.2020.109562,http://dx.doi.org/10.1016/j.envres.2020.109562
"England, JR; O'Grady, AP; Fleming, A; Marais, Z; Mendham, D",2020,10.1016/j.scitotenv.2019.135345,http://dx.doi.org/10.1016/j.scitotenv.2019.135345
"Ernst, E",1999,10.2165/00002512-199915060-00002,http://dx.doi.org/10.2165/00002512-199915060-00002
"Ernst, J; McAllister, K; Siklander, P; Storli, R",2021,10.3390/su13137443,http://dx.doi.org/10.3390/su13137443
"Eskandari, R; Mahdianpari, M; Mohammadimanesh, F; Salehi, B; Brisco, B; Homayouni, S",2020,10.3390/rs12213511,http://dx.doi.org/10.3390/rs12213511
"Espeland, EK; Kettenring, KM",2018,10.1016/j.jenvman.2018.05.042,http://dx.doi.org/10.1016/j.jenvman.2018.05.042
"Esquiaqui, L; Santos, SDFDOM; Ugaya, CML",2023,10.1007/s13762-022-04752-1,http://dx.doi.org/10.1007/s13762-022-04752-1
"Eugenio, FC; Schons, CT; Mallmann, CL; Schuh, MS; Fernandes, P; Badin, TL",2020,10.1139/cjfr-2019-0375,http://dx.doi.org/10.1139/cjfr-2019-0375
"Fairchild, E; Ulrich-Schad, JD; Petrzelka, P; Ma, Z",2022,10.1016/j.jenvman.2022.114991,http://dx.doi.org/10.1016/j.jenvman.2022.114991
"Fardila, D; Kelly, LT; Moore, JL; McCarthy, MA",2017,10.1016/j.biocon.2017.04.031,http://dx.doi.org/10.1016/j.biocon.2017.04.031
"Fassnacht, FE; Hartig, F; Latifi, H; Berger, C; Hernández, J; Corvalán, P; Koch, B",2014,10.1016/j.rse.2014.07.028,http://dx.doi.org/10.1016/j.rse.2014.07.028
"Fatima, SH; Rothmore, P; Giles, LC; Varghese, BM; Bi, P",2021,10.1016/j.envint.2021.106384,http://dx.doi.org/10.1016/j.envint.2021.106384
"Fayet, CMJ; Reilly, KH; Van Ham, C; Verburg, PH",2022,10.1016/j.landusepol.2021.105833,http://dx.doi.org/10.1016/j.landusepol.2021.105833
"Fedrowitz, K; Koricheva, J; Baker, SC; Lindenmayer, DB; Palik, B; Rosenvald, R; Beese, W; Franklin, JF; Kouki, J; Macdonald, E; Messier, C; Sverdrup-Thygeson, A; Gustafsson, L",2014,10.1111/1365-2664.12289,http://dx.doi.org/10.1111/1365-2664.12289
"Felton, A; Knight, E; Wood, J; Zammit, C; Lindenmayer, D",2010,10.1016/j.biocon.2009.11.030,http://dx.doi.org/10.1016/j.biocon.2009.11.030
"Ferrarini, A; Serra, P; Almagro, M; Trevisan, M; Amaducci, S",2017,10.1016/j.rser.2017.01.052,http://dx.doi.org/10.1016/j.rser.2017.01.052
"Ferreira, V; Barreira, AP; Loures, L; Antunes, D; Panagopoulos, T",2020,10.3390/su12020640,http://dx.doi.org/10.3390/su12020640
"Ferreira, V; Elosegi, A; Tiegs, SD; von Schiller, D; Young, R",2020,10.3390/w12123523,http://dx.doi.org/10.3390/w12123523
"Ferreira, V; Koricheva, J; Pozo, J; Graça, MAS",2016,10.1016/j.foreco.2016.01.002,http://dx.doi.org/10.1016/j.foreco.2016.01.002
"Filoso, S; Bezerra, MO; Weiss, KCB; Palmer, MA",2017,10.1371/journal.pone.0183210,http://dx.doi.org/10.1371/journal.pone.0183210
"Filyushkina, A; Strange, N; Löf, M; Ezebilo, EE; Boman, M",2016,10.1080/02827581.2015.1079643,http://dx.doi.org/10.1080/02827581.2015.1079643
"Fitzgerald, E; Lambert, K; Stanford, J; Neale, EP",2021,10.1017/S0007114520002925,http://dx.doi.org/10.1017/S0007114520002925
"Foli, S; Reed, J; Clendenning, J; Petrokofsky, G; Padoch, C; Sunderland, T",2014,10.1186/2047-2382-3-15,http://dx.doi.org/10.1186/2047-2382-3-15
"Fraixedas, S; Lindén, A; Piha, M; Cabeza, M; Gregory, R; Lehikoinen, A",2020,10.1016/j.ecolind.2020.106728,http://dx.doi.org/10.1016/j.ecolind.2020.106728
"López, AF; Barrón, EGH; Bugallo, PMB",2022,10.1007/s10661-022-10208-3,http://dx.doi.org/10.1007/s10661-022-10208-3
"Freitas, JB; Naves, MMV",2010,10.1590/S1415-52732010000200010,http://dx.doi.org/10.1590/S1415-52732010000200010
"Friedman, RS; Law, EA; Bennett, NJ; Ives, CD; Thorn, JPR; Wilson, KA",2018,10.1088/1748-9326/aabcde,http://dx.doi.org/10.1088/1748-9326/aabcde
"Fu, JW; Dupre, K; Tavares, S; King, D; Banhalmi-Zakar, Z",2022,10.1016/j.foar.2021.12.005,http://dx.doi.org/10.1016/j.foar.2021.12.005
"Fundisi, E; Tesfamichael, SG; Ahmed, F",2022,10.1371/journal.pone.0278529,http://dx.doi.org/10.1371/journal.pone.0278529
"Fuss, S; Lamb, WF; Callaghan, MW; Hilaire, J; Creutzig, F; Amann, T; Beringer, T; Garcia, WD; Hartmann, J; Khanna, T; Luderer, G; Nemet, GF; Rogelj, J; Smith, P; Vicente, JLV; Wilcox, J; Dominguez, MDZ; Minx, JC",2018,10.1088/1748-9326/aabf9f,http://dx.doi.org/10.1088/1748-9326/aabf9f
"Fyfe, RM; de Beaulieu, JL; Binney, H; Bradshaw, RHW; Brewer, S; Le Flao, A; Finsinger, W; Gaillard, MJ; Giesecke, T; Gil-Romera, G; Grimm, EC; Huntley, B; Kunes, P; Kühl, N; Leydet, M; Lotter, AF; Tarasov, PE; Tonkov, S",2009,10.1007/s00334-009-0215-9,http://dx.doi.org/10.1007/s00334-009-0215-9
"Gabhane, JW; Bhange, VP; Patil, PD; Bankar, ST; Kumar, S",2020,10.1007/s42452-020-3121-5,http://dx.doi.org/10.1007/s42452-020-3121-5
"Gabrielle, B; Bispo, A; El Akkari, M; Makowski, D; Réchauchère, O; Bamière, L; Barbottin, A; Bellassen, V; Bessou, C; Dumas, P; Gaba, S; Wohlfahrt, J",2017,,
"Gamarra, MJC; Lassoie, JP; Milder, J",2018,10.1016/j.jenvman.2018.05.008,http://dx.doi.org/10.1016/j.jenvman.2018.05.008
"Gao, L; Wang, XF; Johnson, BA; Tian, QJ; Wang, Y; Verrelst, J; Mu, XH; Gu, XF",2020,10.1016/j.isprsjprs.2019.11.018,http://dx.doi.org/10.1016/j.isprsjprs.2019.11.018
"Garcia-Pardo, KA; Moreno-Rangel, D; Dominguez-Amarillo, S; Garcia-Chavez, JR",2022,10.1016/j.ufug.2022.127636,http://dx.doi.org/10.1016/j.ufug.2022.127636
"Garden, A; Downes, G",2023,10.1080/03004279.2023.2170187,http://dx.doi.org/10.1080/03004279.2023.2170187
"Garden, A; Downes, G",2023,10.1080/03004279.2021.1971275,http://dx.doi.org/10.1080/03004279.2021.1971275
"Garmendia, A; Beltrán, R; Zornoza, C; García-Breijo, FJ; Reig, J; Merle, H",2019,10.1371/journal.pone.0223147,http://dx.doi.org/10.1371/journal.pone.0223147
"Gasparatos, A; Stromberg, P; Takeuchi, K",2011,10.1016/j.agee.2011.04.020,http://dx.doi.org/10.1016/j.agee.2011.04.020
"Gebre, SL; Cattrysse, D; Alemayehu, E; Van Orshoven, J",2021,10.1016/j.iswcr.2021.04.005,http://dx.doi.org/10.1016/j.iswcr.2021.04.005
"Gebre, T; Gebremedhin, B",2019,10.1016/j.gecco.2019.e00707,http://dx.doi.org/10.1016/j.gecco.2019.e00707
"Geldmann, J; Barnes, M; Coad, L; Craigie, ID; Hockings, M; Burgess, ND",2013,10.1016/j.biocon.2013.02.018,http://dx.doi.org/10.1016/j.biocon.2013.02.018
"Girona-García, A; Vieira, DCS; Silva, J; Fernández, C; Robichaud, PR; Keizer, JJ",2021,10.1016/j.earscirev.2021.103611,http://dx.doi.org/10.1016/j.earscirev.2021.103611
"Gold, S",2011,10.1007/s11027-010-9272-8,http://dx.doi.org/10.1007/s11027-010-9272-8
"Goldman, A; Eggen, B; Golding, B; Murray, V",2014,10.1016/j.puhe.2013.09.022,http://dx.doi.org/10.1016/j.puhe.2013.09.022
"Gonçalves, C; Pinho, P",2022,10.1007/s11625-022-01147-6,http://dx.doi.org/10.1007/s11625-022-01147-6
"Gonçalves, CDQ; Schlindwein, MM; Martinelli, GD",2021,10.3390/su132011397,http://dx.doi.org/10.3390/su132011397
"Gottdenker, NL; Streicker, DG; Faust, CL; Carroll, CR",2014,10.1007/s10393-014-0941-z,http://dx.doi.org/10.1007/s10393-014-0941-z
"Graça, M; Cruz, S; Monteiro, A; Neset, TS",2022,10.1016/j.uclim.2022.101126,http://dx.doi.org/10.1016/j.uclim.2022.101126
"Gradeci, K; Labonnote, N; Time, B; Köhler, J",2017,10.1016/j.conbuildmat.2017.05.204,http://dx.doi.org/10.1016/j.conbuildmat.2017.05.204
"Graham, L; Gaulton, R; Gerard, F; Staley, JT",2018,10.1016/j.biocon.2018.02.017,http://dx.doi.org/10.1016/j.biocon.2018.02.017
"Green, RE; Balmford, A; Crane, PR; Mace, GM; Reynolds, JD; Turner, RK",2005,10.1111/j.1523-1739.2005.00289.x,http://dx.doi.org/10.1111/j.1523-1739.2005.00289.x
"Griffiths, AD; Brook, BW",2014,10.1071/WF14026,http://dx.doi.org/10.1071/WF14026
"Grigolato, S; Mologni, O; Cavalli, R",2017,,
"Grossauer, F; Stoeglehner, G",2023,10.3390/land12010234,http://dx.doi.org/10.3390/land12010234
"Guarneiri, LL; Cooper, JA",2021,10.1093/advances/nmaa113,http://dx.doi.org/10.1093/advances/nmaa113
"Guégan, JF; Ayouba, A; Cappelle, J; de Thoisy, B",2020,10.1088/1748-9326/ab8dd7,http://dx.doi.org/10.1088/1748-9326/ab8dd7
"Guercio, V; Doutsi, A; Exley, KS",2022,10.1016/j.ijheh.2022.113926,http://dx.doi.org/10.1016/j.ijheh.2022.113926
"Guerrero, JE; Hansen, E",2018,10.1139/cjfr-2018-0032,http://dx.doi.org/10.1139/cjfr-2018-0032
"Guerrero-Casado, J; Carpio, AJ; Tortosa, FS; Villanueva, AJ",2021,10.1016/j.scitotenv.2021.149212,http://dx.doi.org/10.1016/j.scitotenv.2021.149212
"Guldin, RWW",2021,10.3389/ffgc.2021.695929,http://dx.doi.org/10.3389/ffgc.2021.695929
"Gustafsson, MT; Schilling-Vacaflor, A",2022,10.1162/glep_a_00642,http://dx.doi.org/10.1162/glep_a_00642
"Haddaway, NR; Bernes, C; Jonsson, BG; Hedlund, K",2016,10.1007/s13280-016-0773-x,http://dx.doi.org/10.1007/s13280-016-0773-x
"Hagedoorn, LC; Koetse, MJ; van Beukering, PJH; Brander, LM",2021,10.1016/j.ecoser.2021.101371,http://dx.doi.org/10.1016/j.ecoser.2021.101371
"Hagerman, SM; Pelai, R",2018,10.1002/fee.1974,http://dx.doi.org/10.1002/fee.1974
"Häkkilä, M; Johansson, A; Sandgren, T; Uusitalo, A; Mönkkönen, M; Puttonen, P; Savilaakso, S",2021,10.1186/s13750-020-00216-6,http://dx.doi.org/10.1186/s13750-020-00216-6
"Hami, A; Abdi, B; Zarehaghi, D; Bin Maulan, S",2019,10.1016/j.scs.2019.101634,http://dx.doi.org/10.1016/j.scs.2019.101634
"Harju, C",2022,10.1111/ijcs.12764,http://dx.doi.org/10.1111/ijcs.12764
"Harris, ZM; Spake, R; Taylor, G",2015,10.1016/j.biombioe.2015.05.008,http://dx.doi.org/10.1016/j.biombioe.2015.05.008
"Harrison, PA; Berry, PM; Simpson, G; Haslett, JR; Blicharska, M; Bucur, M; Dunford, R; Egoh, B; Garcia-Llorente, M; Geamana, N; Geertsema, W; Lommelen, E; Meiresonne, L; Turkelboom, F",2014,10.1016/j.ecoser.2014.05.006,http://dx.doi.org/10.1016/j.ecoser.2014.05.006
"Hartsch, F; Dreger, FA; Englund, M; Hoffart, E; Rinkenauer, G; Wagner, T; Jaeger, D",2022,10.3390/f13122153,http://dx.doi.org/10.3390/f13122153
"Hashemi, R; Darabi, H",2022,10.1007/s41742-022-00404-x,http://dx.doi.org/10.1007/s41742-022-00404-x
"Haskell, L; Bonnedahl, KJ; Stål, HI",2021,10.1016/j.jclepro.2021.129316,http://dx.doi.org/10.1016/j.jclepro.2021.129316
"Hauer-Jákli, M; Tränkner, M",2019,10.3389/fpls.2019.00766,http://dx.doi.org/10.3389/fpls.2019.00766
"He, ZY; Turner, P",2022,10.3390/app12083723,http://dx.doi.org/10.3390/app12083723
"He, ZY; Turner, P",2021,10.3390/logistics5040088,http://dx.doi.org/10.3390/logistics5040088
"Hekrle, M",2022,10.1002/wat2.1612,http://dx.doi.org/10.1002/wat2.1612
"Heller, NE; Zavaleta, ES",2009,10.1016/j.biocon.2008.10.006,http://dx.doi.org/10.1016/j.biocon.2008.10.006
"Hemati, M; Hasanlou, M; Mahdianpari, M; Mohammadimanesh, F",2021,10.3390/rs13152869,http://dx.doi.org/10.3390/rs13152869
"Her, L; Kanjanasilp, J; Chaiyakunapruk, N; Sawangjit, R",2022,10.1089/jicm.2021.0226,http://dx.doi.org/10.1089/jicm.2021.0226
"Hernandez, JO",2022,10.3390/land11112061,http://dx.doi.org/10.3390/land11112061
"Hernandez, JO; Maldia, LSJ; Park, BB",2020,10.3390/plants9121709,http://dx.doi.org/10.3390/plants9121709
"Himes-Cornell, A; Pendleton, L; Atiyah, P",2018,10.1016/j.ecoser.2018.01.006,http://dx.doi.org/10.1016/j.ecoser.2018.01.006
"Hintz, KS; Kimengsi, JN; Pretzsch, J",2021,10.1016/j.forpol.2021.102460,http://dx.doi.org/10.1016/j.forpol.2021.102460
"Hlásny, T; Zimová, S; Bentz, B",2021,10.1016/j.foreco.2021.119599,http://dx.doi.org/10.1016/j.foreco.2021.119599
"Horn, A; Bachert, C; Brehmer, D",2021,10.1016/j.zefq.2020.11.010,http://dx.doi.org/10.1016/j.zefq.2020.11.010
"Hu, YB; Zhang, Q; Hu, SJ; Xiao, GJ; Chen, XY; Wang, JS; Qi, Y; Zhang, L; Han, LY",2022,10.1016/j.ecolind.2022.109656,http://dx.doi.org/10.1016/j.ecolind.2022.109656
"Hülsmann, L; Bugmann, H; Brang, P",2017,10.1139/cjfr-2016-0224,http://dx.doi.org/10.1139/cjfr-2016-0224
"Hunter, RF; Cleland, C; Cleary, A; Droomers, M; Wheeler, BW; Sinnett, D; Nieuwenhuijsen, MJ; Braubach, M",2019,10.1016/j.envint.2019.104923,http://dx.doi.org/10.1016/j.envint.2019.104923
"Hurmekoski, E; Smyth, CE; Stern, T; Verkerk, PJ; Asada, R",2021,10.1088/1748-9326/ac386f,http://dx.doi.org/10.1088/1748-9326/ac386f
"Husa, M; Kosenius, AK",2021,10.1080/02827581.2021.1981433,http://dx.doi.org/10.1080/02827581.2021.1981433
"Huylenbroeck, L; Laslier, M; Dufour, S; Georges, B; Lejeune, P; Michez, A",2020,10.1016/j.jenvman.2020.110652,http://dx.doi.org/10.1016/j.jenvman.2020.110652
"Ibáñez, I; Acharya, K; Juno, E; Karounos, C; Lee, BR; McCollum, C; Schaffer-Morrison, S; Tourville, J",2019,10.1371/journal.pone.0222207,http://dx.doi.org/10.1371/journal.pone.0222207
"Iio, A; Hikosaka, K; Anten, NPR; Nakagawa, Y; Ito, A",2014,10.1111/geb.12133,http://dx.doi.org/10.1111/geb.12133
"Inglis, NC; Vukomanovic, J; Costanza, J; Singh, KK",2022,10.1016/j.landurbplan.2022.104424,http://dx.doi.org/10.1016/j.landurbplan.2022.104424
"Isaza, DFG; Cramp, RL; Franklin, CE",2022,10.1111/gcb.16088,http://dx.doi.org/10.1111/gcb.16088
"Ismail, R; Taylor-Swanson, L; Thomas, A; Schnall, JG; Cray, L; Mitchell, ES; Woods, NF",2015,10.3109/13697137.2014.900746,http://dx.doi.org/10.3109/13697137.2014.900746
"Ivezic, V; Yu, Y; van der Werf, W",2021,10.3389/fsufs.2021.606631,http://dx.doi.org/10.3389/fsufs.2021.606631
"Jakobsson, S; Bernes, C; Bullock, JM; Verheyen, K; Lindborg, R",2018,10.1186/s13750-018-0129-z,http://dx.doi.org/10.1186/s13750-018-0129-z
"Javed, B; Padfield, P; Sperrin, M; Simpson, A; Mills, ENC",2017,10.1016/j.fct.2017.06.004,http://dx.doi.org/10.1016/j.fct.2017.06.004
"Jayakody, N; Harris, EC; Coggon, D",2015,10.1093/bmb/ldv008,http://dx.doi.org/10.1093/bmb/ldv008
"Jazinaninejad, M; Nematollahi, M; Zamenjani, AS; Tajbakhsh, A",2022,10.1016/j.jclepro.2022.133889,http://dx.doi.org/10.1016/j.jclepro.2022.133889
"Jelec, M; Varevac, D; Zovkic, J",2014,10.13167/2014.9.3,http://dx.doi.org/10.13167/2014.9.3
"Jiménez-Olivencia, Y; Ibáñez-Jiménez, A; Porcel-Rodríguez, L; Zimmerer, K",2021,10.1016/j.landusepol.2021.105721,http://dx.doi.org/10.1016/j.landusepol.2021.105721
"Johnson, C; Jones, D; Matthews, T; Burke, M",2022,10.1016/j.trd.2022.103375,http://dx.doi.org/10.1016/j.trd.2022.103375
"Jones, GM; Tingley, MW",2022,10.1111/ddi.13280,http://dx.doi.org/10.1111/ddi.13280
"Jussila, J; Nagy, E; Lähtinen, K; Hurmekoski, E; Häyrinen, L; Mark-Herbert, C; Roos, A; Toivonen, R; Toppinen, A",2022,10.14214/sf.10609,http://dx.doi.org/10.14214/sf.10609
"Kabisch, N; van den Bosch, M; Lafortezza, R",2017,10.1016/j.envres.2017.08.004,http://dx.doi.org/10.1016/j.envres.2017.08.004
"Kabisch, N; Qureshi, S; Haase, D",2015,10.1016/j.eiar.2014.08.007,http://dx.doi.org/10.1016/j.eiar.2014.08.007
"Kalies, EL; Haubensak, KA; Finkral, AJ",2016,10.1080/10549811.2016.1154471,http://dx.doi.org/10.1080/10549811.2016.1154471
"Kamioka, H; Tsutani, K; Mutoh, Y; Honda, T; Shiozawa, N; Okada, S; Park, SJ; Kitayuguchi, J; Kamada, M; Okuizumi, H; Handa, S",2012,10.2147/PRBM.S32402,http://dx.doi.org/10.2147/PRBM.S32402
"Karanasiou, A; Alastuey, A; Amato, F; Renzi, M; Stafoggia, M; Tobias, A; Reche, C; Forastiere, F; Gumy, S; Mudu, P; Querol, X",2021,10.1016/j.scitotenv.2021.146739,http://dx.doi.org/10.1016/j.scitotenv.2021.146739
"Katal, N; Rzanny, M; Mäder, P; Wäldchen, J",2022,10.3389/fpls.2022.805738,http://dx.doi.org/10.3389/fpls.2022.805738
"Kedir, F; Hall, DM",2021,10.1016/j.jclepro.2020.125443,http://dx.doi.org/10.1016/j.jclepro.2020.125443
"Keles, S",2019,10.1080/10549811.2018.1547879,http://dx.doi.org/10.1080/10549811.2018.1547879
"Kemmerer, J; Labelle, ER",2021,10.1007/s10342-020-01313-4,http://dx.doi.org/10.1007/s10342-020-01313-4
"Key, IB; Smith, AC; Turner, B; Chausson, A; Girardin, CAJ; Macgillivray, M; Seddon, N",2022,10.3389/fenvs.2022.905767,http://dx.doi.org/10.3389/fenvs.2022.905767
"Khapugin, A",2019,10.2478/hacq-2019-0005,http://dx.doi.org/10.2478/hacq-2019-0005
"Khapugin, AA",2020,10.24189/ncr.2020.019,http://dx.doi.org/10.24189/ncr.2020.019
"Kheyre, H; Morais, S; Ferro, A; Costa, AR; Norton, P; Lunet, N; Peleteiro, B",2018,10.1007/s00420-018-1315-6,http://dx.doi.org/10.1007/s00420-018-1315-6
"Kim, E; Park, S; Kim, S; Choi, Y; Cho, JH; Kim, G",2022,10.3389/fpubh.2022.1021618,http://dx.doi.org/10.3389/fpubh.2022.1021618
"Kim, E; Park, S; Kim, S; Choi, Y; Cho, J; Cho, SI; Chun, HR; Kim, G",2021,10.3390/healthcare9111427,http://dx.doi.org/10.3390/healthcare9111427
"Kimengsi, JN; Owusu, R; Charmakar, S; Manu, G; Giessen, L",2023,10.1007/s10980-022-01577-8,http://dx.doi.org/10.1007/s10980-022-01577-8
"Kirk, NA; Cradock-Henry, NA",2022,10.3390/land11060791,http://dx.doi.org/10.3390/land11060791
"Kleinman, JS; Goode, JD; Fries, AC; Hart, JL",2019,10.1002/ecs2.2962,http://dx.doi.org/10.1002/ecs2.2962
"Klingelschmidt, J; Milner, A; Khireddine-Medouni, I; Witt, K; Alexopoulos, EC; Toivanen, S; LaMontagne, AD; Chastang, JF; Niedhammer, I",2018,10.5271/sjweh.3682,http://dx.doi.org/10.5271/sjweh.3682
"Klonner, C; Marx, S; Usón, T; de Albuquerque, JP; Höfle, B",2016,10.3390/ijgi5070103,http://dx.doi.org/10.3390/ijgi5070103
"Knight, T; Price, S; Bowler, D; Hookway, A; King, S; Konno, K; Richter, RL",2021,10.1186/s13750-021-00226-y,http://dx.doi.org/10.1186/s13750-021-00226-y
"Koc, CB; Osmond, P; Peters, A",2017,10.1007/s11252-016-0578-5,http://dx.doi.org/10.1007/s11252-016-0578-5
"Kocijan, T; Bossaert, S; Van Boeckel, G; De Rouck, G; Lievens, B; Crauwels, S",2021,10.23763/BrSc21-04kocijan,http://dx.doi.org/10.23763/BrSc21-04kocijan
"Köthke, M; Ahimbisibwe, V; Lippe, M",2022,10.3389/fenvs.2022.925477,http://dx.doi.org/10.3389/fenvs.2022.925477
"Kogan, P; Gale, T; Arenas, JP; Arias, C",2021,10.1016/j.scitotenv.2021.148541,http://dx.doi.org/10.1016/j.scitotenv.2021.148541
"Kondo, MC; Jacoby, SF; South, EC",2018,10.1016/j.healthplace.2018.03.001,http://dx.doi.org/10.1016/j.healthplace.2018.03.001
"Kong, XQ; Zhang, XN; Xu, CY; Hauer, RJ",2021,10.3390/f12111453,http://dx.doi.org/10.3390/f12111453
"Korhonen, J; Hurmekoski, E; Hansen, E; Toppinen, A",2018,10.1139/cjfr-2017-0219,http://dx.doi.org/10.1139/cjfr-2017-0219
"Kotera, Y; Lyons, M; Vione, KC; Norton, B",2021,10.3390/su13074015,http://dx.doi.org/10.3390/su13074015
"Kotera, Y; Richardson, M; Sheffield, D",2022,10.1007/s11469-020-00363-4,http://dx.doi.org/10.1007/s11469-020-00363-4
"Kowalski, R",2016,,
"Ostoic, SK; Vuletic, D; Planinsek, S; Vilhar, U; Japelj, A",2020,10.3390/f11020136,http://dx.doi.org/10.3390/f11020136
"Krayenhoff, ES; Broadbent, AM; Zhao, L; Georgescu, M; Middel, A; Voogt, JA; Martilli, A; Sailor, DJ; Erell, E",2021,10.1088/1748-9326/abdcf1,http://dx.doi.org/10.1088/1748-9326/abdcf1
"Kroell, N; Chen, XZ; Greiff, K; Feil, A",2022,10.1016/j.wasman.2022.05.015,http://dx.doi.org/10.1016/j.wasman.2022.05.015
"Kurmi, OP; Semple, S; Simkhada, P; Smith, WCS; Ayres, JG",2010,10.1136/thx.2009.124644,http://dx.doi.org/10.1136/thx.2009.124644
"Labelle, ER; Hansson, L; Högbom, L; Jourgholami, M; Laschi, A",2022,10.1007/s40725-021-00155-6,http://dx.doi.org/10.1007/s40725-021-00155-6
"Lackey, NQ; Tysor, DA; McNay, GD; Joyner, L; Baker, KH; Hodge, C",2021,10.1080/11745398.2019.1655459,http://dx.doi.org/10.1080/11745398.2019.1655459
"Lähtinen, K; Toppinen, A; Suojanen, H; Stern, T; Ranacher, L; Burnard, M; Kuzman, MK",2017,10.1007/s40725-017-0063-2,http://dx.doi.org/10.1007/s40725-017-0063-2
"Lähtinen, K; Myllyviita, T; Leskinen, P; Pitkänen, SK",2014,10.1016/j.rser.2014.07.060,http://dx.doi.org/10.1016/j.rser.2014.07.060
"Lamarque, LJ; Delzon, S; Lortie, CJ",2011,10.1007/s10530-011-0015-x,http://dx.doi.org/10.1007/s10530-011-0015-x
"Langemeyer, J; Gómez-Baggethun, E; Haase, D; Scheuer, S; Elmqvist, T",2016,10.1016/j.envsci.2016.02.013,http://dx.doi.org/10.1016/j.envsci.2016.02.013
"Langmaier, M; Lapin, K",2020,10.3389/fpls.2020.524969,http://dx.doi.org/10.3389/fpls.2020.524969
"Lasanta, T; Arnáez, J; Pascual, N; Ruiz-Flaño, P; Errea, MP; Lana-Renault, N",2017,10.1016/j.catena.2016.02.024,http://dx.doi.org/10.1016/j.catena.2016.02.024
"Lazaridou, DC; Michailidis, A; Trigkas, M",2021,10.3390/f12040436,http://dx.doi.org/10.3390/f12040436
"Lee, I; Choi, H; Bang, KS; Kim, S; Song, M; Lee, B",2017,10.3390/ijerph14030321,http://dx.doi.org/10.3390/ijerph14030321
"Lee, KK; Bing, R; Kiang, J; Bashir, S; Spath, N; Stelzle, D; Mortimer, K; Bularga, A; Doudesis, D; Joshi, SS; Strachan, F; Gumy, S; Adair-Rohani, H; Attia, EF; Chung, MH; Miller, MR; Newby, DE; Mills, NL; McAllister, DA; Shah, AS",2020,10.1016/S2214-109X(20)30343-0,http://dx.doi.org/10.1016/S2214-109X(20)30343-0
"Lee, M; Kim, E; Choe, J; Choi, S; Ha, S; Kim, G",2022,10.3390/f13101625,http://dx.doi.org/10.3390/f13101625
"Leverkus, AB; Lindenmayer, DB; Thorn, S; Gustafsson, L",2018,10.1111/geb.12772,http://dx.doi.org/10.1111/geb.12772
"Li, HS; Zhang, X; Bi, SL; Cao, Y; Zhang, GD",2022,10.1016/j.ufug.2022.127458,http://dx.doi.org/10.1016/j.ufug.2022.127458
"Li, JY; Jiang, B; Santos, HO; Santos, D; Singh, A; Wang, L",2020,10.1002/ptr.6740,http://dx.doi.org/10.1002/ptr.6740
"Lima, JZ; Ogura, AP; Silva, LCMD; Nauerth, IMR; Rodrigues, VGS; Espindola, ELG; Marques, JP",2022,10.1016/j.jece.2022.108192,http://dx.doi.org/10.1016/j.jece.2022.108192
"Lin, J; Kroll, CN; Nowak, DJ; Greenfield, EJ",2019,10.1016/j.ufug.2019.126366,http://dx.doi.org/10.1016/j.ufug.2019.126366
"Lindroos, O; Cavalli, R",2016,10.1080/14942119.2016.1198633,http://dx.doi.org/10.1080/14942119.2016.1198633
"Lindstad, BH; Solberg, B",2010,10.14214/sf.167,http://dx.doi.org/10.14214/sf.167
"Linney, GN; Henrys, PA; Blackburn, GA; Maskell, LC; Harrison, PA",2020,10.1016/j.ecoser.2020.101189,http://dx.doi.org/10.1016/j.ecoser.2020.101189
"Lipovac, D; Burnard, MD",2021,10.1177/1420326X20927437,http://dx.doi.org/10.1177/1420326X20927437
"Liu, LF; Li, HQ; Lazzaretto, A; Manente, G; Tong, CY; Liu, QB; Li, NP",2017,10.1016/j.rser.2016.11.140,http://dx.doi.org/10.1016/j.rser.2016.11.140
"Liu, LM; Wu, JG",2022,10.1016/j.landurbplan.2022.104433,http://dx.doi.org/10.1016/j.landurbplan.2022.104433
"Liu, YN; Francis, RA; Wooster, MJ; Grosvenor, MJ; Yan, S; Roberts, G",2022,10.1093/ee/nvac069,http://dx.doi.org/10.1093/ee/nvac069
"Liu, ZX; Cheng, WW; Jim, CY; Morakinyo, TE; Shi, Y; Ng, E",2021,10.1016/j.buildenv.2021.107939,http://dx.doi.org/10.1016/j.buildenv.2021.107939
"Lo Giudice, V; Faraone, I; Bruno, MR; Ponticelli, M; Labanca, F; Bisaccia, D; Massarelli, C; Milella, L; Todaro, L",2021,10.3390/molecules26165081,http://dx.doi.org/10.3390/molecules26165081
"Loveday, J; Morrison, GM; Martin, DA",2022,10.3390/su14053057,http://dx.doi.org/10.3390/su14053057
"Low, G; Dalhaus, T; Meuwissen, MPM",2023,10.1016/j.agsy.2023.103606,http://dx.doi.org/10.1016/j.agsy.2023.103606
"Lunn, T; Munks, S; Carver, S",2017,10.1016/j.biocon.2017.06.025,http://dx.doi.org/10.1016/j.biocon.2017.06.025
"Lv, LY; Cao, CF; Qu, YX; Zhang, GD; Zhao, L; Cao, K; Song, PA; Tang, LC",2022,10.1016/j.mser.2022.100690,http://dx.doi.org/10.1016/j.mser.2022.100690
"Lyu, CJ; Li, XJ; Yuan, P; Song, YH; Gao, HJ; Liu, XL; Liu, RX; Yu, HB",2021,10.1016/j.jclepro.2021.128143,http://dx.doi.org/10.1016/j.jclepro.2021.128143
"Maciel, VG; Novaes, RML; Brandao, M; Cavalett, O; Pazianotto, RAA; Garofalo, DT; Folegatti-Matsuura, MIS",2022,10.1007/s11367-022-02103-3,http://dx.doi.org/10.1007/s11367-022-02103-3
"Macura, B; Secco, L; Pullin, AS",2013,10.1186/2047-2382-2-14,http://dx.doi.org/10.1186/2047-2382-2-14
"Madureira, H; Monteiro, A",2021,10.3390/su131910643,http://dx.doi.org/10.3390/su131910643
"Magnavita, N; Capitanelli, I; Ilesanmi, O; Chirico, F",2022,10.3390/diagnostics12020296,http://dx.doi.org/10.3390/diagnostics12020296
"Maier, C; Hebermehl, W; Grossmann, CM; Loft, L; Mann, C; Hernández-Morcillo, M",2021,10.1016/j.ecoser.2021.101374,http://dx.doi.org/10.1016/j.ecoser.2021.101374
"Malkamäki, A; D'Amato, D; Hogarth, NJ; Kanninen, M; Pirard, R; Toppinen, A; Zhou, W",2018,10.1016/j.gloenvcha.2018.09.001,http://dx.doi.org/10.1016/j.gloenvcha.2018.09.001
"Mallen-Cooper, M; Cornwell, WK",2020,10.1639/0007-2745-123.3.443,http://dx.doi.org/10.1639/0007-2745-123.3.443
"Marín, C; Bueno, CG",2019,10.1007/978-3-030-15228-4_5,http://dx.doi.org/10.1007/978-3-030-15228-4_5
"González, TM; González-Trujillo, JD; Muñoz, A; Armenteras, D",2022,10.1186/s13717-021-00357-7,http://dx.doi.org/10.1186/s13717-021-00357-7
"Martin, M; Paillet, Y; Larrieu, L; Kern, CC; Raymond, P; Drapeau, P; Fenton, NJ",2022,10.3389/ffgc.2022.818474,http://dx.doi.org/10.3389/ffgc.2022.818474
"Martin, PA; Newton, AC; Bullock, JM",2017,10.1002/ecy.1711/suppinfo,http://dx.doi.org/10.1002/ecy.1711/suppinfo
"Martín-López, B; Leister, I; Cruz, PL; Palomo, I; Grêt-Regamey, A; Harrison, PA; Lavorel, S; Locatelli, B; Luque, S; Walz, A",2019,10.1371/journal.pone.0217847,http://dx.doi.org/10.1371/journal.pone.0217847
"Martínez-Abraín, A; Oro, D; Jiménez, J; Stewart, G; Pullin, A",2010,10.1016/j.baae.2009.12.011,http://dx.doi.org/10.1016/j.baae.2009.12.011
"Masthoff, LJ; Hoff, R; Verhoeckx, KCM; van Os-Medendorp, H; Michelsen-Huisman, A; Baumert, JL; Pasmans, SG; Meijer, Y; Knulst, AC",2013,10.1111/all.12185,http://dx.doi.org/10.1111/all.12185
"Matsler, M; Meerow, S; Mell, IC; Pavao-Zuckerman, MA",2021,10.1016/j.landurbplan.2021.104145,http://dx.doi.org/10.1016/j.landurbplan.2021.104145
"Matyjaszczyk, E; Schumann, R",2019,10.1007/s00003-018-1199-0,http://dx.doi.org/10.1007/s00003-018-1199-0
"May, N; Guenther, E; Haller, P",2017,10.3390/su9101897,http://dx.doi.org/10.3390/su9101897
"Mazaheri, N; Akbarzadeh, AH; Madadian, E; Lefsrud, M",2019,10.1016/j.enconman.2018.12.097,http://dx.doi.org/10.1016/j.enconman.2018.12.097
"McWilliam, V; Koplin, J; Lodge, C; Tang, M; Dharmage, S; Allen, K",2015,10.1007/s11882-015-0555-8,http://dx.doi.org/10.1007/s11882-015-0555-8
"Mead, LC; Hill, AM; Carter, S; Coates, AM",2021,10.3390/ijerph18020454,http://dx.doi.org/10.3390/ijerph18020454
"Medeiros, A; Fernandes, C; Gonçalves, JF; Farinha-Marques, P",2021,10.1016/j.ecolind.2021.107815,http://dx.doi.org/10.1016/j.ecolind.2021.107815
"Meijer, K; Schilthuizen, M; Beukeboom, L; Smit, C",2016,10.7717/peerj.2778,http://dx.doi.org/10.7717/peerj.2778
"Meinhold, K; Darr, D",2019,10.3390/f10111026,http://dx.doi.org/10.3390/f10111026
"Meli, P; Schweizer, D; Winowiecki, LA; Chomba, S; Aynekulu, E; Guariguata, MR",2023,10.1111/rec.13810,http://dx.doi.org/10.1111/rec.13810
"Méndez-Rojas, DMM; Cultid-Medina, C; Escobar, F",2021,10.1016/j.ecolind.2020.107239,http://dx.doi.org/10.1016/j.ecolind.2020.107239
"Mengist, W; Soromessa, T; Legese, G",2020,10.1016/j.scitotenv.2019.134581,http://dx.doi.org/10.1016/j.scitotenv.2019.134581
"Mezeli, MM; Page, S; George, TS; Neilson, R; Mead, A; Blackwell, MSA; Haygarth, PM",2020,10.1016/j.soilbio.2019.107695,http://dx.doi.org/10.1016/j.soilbio.2019.107695
"Micallef, CM; Charvat, H; Houot, MT; Vignat, J; Straif, K; Paul, A; El Yamani, M; Pilorget, C; Soerjomataram, I",2023,10.1038/s41370-021-00353-1,http://dx.doi.org/10.1038/s41370-021-00353-1
"Micallef, CM; Shield, KD; Baldi, I; Charbotel, B; Fervers, B; Ilg, AGS; Guenel, P; Olsson, A; Rushton, L; Hutchings, SJ; Straif, K; Soerjomataram, I",2018,10.1136/oemed-2017-104858,http://dx.doi.org/10.1136/oemed-2017-104858
"Milojevic-Dupont, N; Creutzig, F",2021,10.1016/j.scs.2020.102526,http://dx.doi.org/10.1016/j.scs.2020.102526
"Minixhofer, P; Stangl, R",2021,10.3390/su13063322,http://dx.doi.org/10.3390/su13063322
"Minter, M; O'Brien, D; Cottrell, J; Ennos, R; Hill, JK; Hall, J",2021,10.1002/2688-8319.12061,http://dx.doi.org/10.1002/2688-8319.12061
"Minunno, R; O'Grady, T; Morrison, GM; Gruner, RL",2021,10.1016/j.rser.2021.110935,http://dx.doi.org/10.1016/j.rser.2021.110935
"Mirkouei, A; Haapala, KR; Sessions, J; Murthy, GS",2017,10.1016/j.rser.2016.08.053,http://dx.doi.org/10.1016/j.rser.2016.08.053
"Mishra, A; Singh, L; Singh, D",2023,10.1007/s00248-022-01962-5,http://dx.doi.org/10.1007/s00248-022-01962-5
"Miyahara, AAL; Santos, DRD; Pagin-Cl, F; Silva, GJD; Bertoleti, IAF; Silva, JLD; Candido, LF; Siqueira, MC; Silva, RP; Racanelli, YR; Locosselli, GM",2022,10.1016/j.envsci.2022.08.025,http://dx.doi.org/10.1016/j.envsci.2022.08.025
"Moallemi, EA; Malekpour, S; Hadjikakou, M; Raven, R; Szetey, K; Ningrum, D; Dhiaulhaq, A; Bryan, BA",2020,10.1016/j.oneear.2020.08.006,http://dx.doi.org/10.1016/j.oneear.2020.08.006
"Mölder, A; Schmidt, M; Meyer, P",2017,10.23765/afjz0002002,http://dx.doi.org/10.23765/afjz0002002
"Molinaro, M; Orzes, G",2022,10.1016/j.compind.2022.103637,http://dx.doi.org/10.1016/j.compind.2022.103637
"Moskwa, EC; Ahonen, I; Santala, V; Weber, D; Robinson, GM; Bardsley, DK",2016,10.1139/er-2015-0070,http://dx.doi.org/10.1139/er-2015-0070
"Mota, FMM; Heming, NM; Morante, JC; Talora, DC",2022,10.3389/fevo.2022.987204,http://dx.doi.org/10.3389/fevo.2022.987204
"Motta-Tavares, T; Rocha, CFD; dos Anjos, L",2020,10.1016/j.actao.2020.103577,http://dx.doi.org/10.1016/j.actao.2020.103577
"Müller, F; Jaeger, D; Hanewinkel, M",2019,10.1016/j.compag.2019.04.002,http://dx.doi.org/10.1016/j.compag.2019.04.002
"Mueller, W; Milner, J; Loh, M; Vardoulakis, S; Wilkinson, P",2022,10.1016/j.scitotenv.2022.154447,http://dx.doi.org/10.1016/j.scitotenv.2022.154447
"Mundher, R; Abu Bakar, S; Maulan, S; Yusof, MJM; Al-Sharaa, A; Aziz, A; Gao, HY",2022,10.3390/f13070991,http://dx.doi.org/10.3390/f13070991
"Musule, R; Bonales-Revuelta, J; Mwampamba, TH; Gallardo-Alvarez, RM; Masera, O; García, CA",2022,10.1007/s12155-021-10346-5,http://dx.doi.org/10.1007/s12155-021-10346-5
"Mygind, L; Kjeldsted, E; Hartmeyer, RD; Mygind, E; Bolling, M; Bentsen, P",2019,10.3389/fpsyg.2019.00943,http://dx.doi.org/10.3389/fpsyg.2019.00943
"Nadaraja, D; Lu, CG; Islam, MM",2021,10.1016/j.spc.2020.12.042,http://dx.doi.org/10.1016/j.spc.2020.12.042
"Naderpour, M; Rizeei, HM; Khakzad, N; Pradhan, B",2019,10.1016/j.ress.2019.106558,http://dx.doi.org/10.1016/j.ress.2019.106558
"Naghshi, S; Sadeghian, M; Nasiri, M; Mobarak, S; Asadi, M; Sadeghi, O",2021,10.1093/advances/nmaa152,http://dx.doi.org/10.1093/advances/nmaa152
"Navarro-Ramos, SE; Sparacino, J; Rodriguez, JM; Filippini, E; Marsal-Castillo, BE; Garcia-Cannata, L; Renison, D; Torres, RC",2022,10.1016/j.heliyon.2022.e09179,http://dx.doi.org/10.1016/j.heliyon.2022.e09179
"Newton, AC; Stewart, GB; Myers, G; Diaz, A; Lake, S; Bullock, JM; Pullin, AS",2009,10.1016/j.biocon.2008.10.018,http://dx.doi.org/10.1016/j.biocon.2008.10.018
"Nguyen, PY; Astell-Burt, T; Rahimi-Ardabili, H; Feng, XQ",2021,10.3390/ijerph182111028,http://dx.doi.org/10.3390/ijerph182111028
"Nikinmaa, L; Lindner, M; Cantarello, E; Jump, AS; Seidl, R; Winkel, G; Muys, B",2020,10.1007/s40725-020-00110-x,http://dx.doi.org/10.1007/s40725-020-00110-x
"Nilsson, C; Berthold, M; Mascialino, B; Orme, M; Sjölander, S; Hamilton, R",2020,10.1111/pai.13110,http://dx.doi.org/10.1111/pai.13110
"Niu, SL; Song, L; Wang, JS; Luo, YQ; Yu, GR",2023,10.1007/s11427-022-2245-y,http://dx.doi.org/10.1007/s11427-022-2245-y
"Norwood, MF; Lakhani, A; Fullagar, S; Maujean, A; Downes, M; Byrne, J; Stewart, A; Barber, B; Kendall, E",2019,10.1016/j.landurbplan.2019.04.007,http://dx.doi.org/10.1016/j.landurbplan.2019.04.007
"Noun, G; Lo Cascio, M; Spano, D; Marras, S; Sirca, C",2022,10.3390/agronomy12092127,http://dx.doi.org/10.3390/agronomy12092127
"Nuhoff-Isakhanyan, G; Wubben, EFM; Omta, SWF",2016,10.3390/su8040307,http://dx.doi.org/10.3390/su8040307
"Nwaru, BI; Hickstein, L; Panesar, SS; Roberts, G; Muraro, A; Sheikh, A",2014,10.1111/all.12423,http://dx.doi.org/10.1111/all.12423
"Oettel, J; Lapin, K",2021,10.1016/j.ecolind.2020.107275,http://dx.doi.org/10.1016/j.ecolind.2020.107275
"Oh, B; Lee, KJ; Zaslawski, C; Yeung, A; Rosenthal, D; Larkey, L; Back, M",2017,10.1186/s12199-017-0677-9,http://dx.doi.org/10.1186/s12199-017-0677-9
"Okello, S; Akello, SJ; Dwomoh, E; Byaruhanga, E; Opio, CK; Zhang, RY; Corey, KE; Muyindike, WR; Ocama, P; Christiani, DD",2019,10.1186/s12940-019-0496-0,http://dx.doi.org/10.1186/s12940-019-0496-0
"Olmsted, CF; Betras, T; Pasquini, SC; DeStefano, S; Faison, E; Carson, WP",2020,10.3159/TORREY-D-20-00010,http://dx.doi.org/10.3159/TORREY-D-20-00010
"Olum, S; Gellynck, X; Juvinal, J; Ongeng, D; De Steur, H",2020,10.1177/0030727019879453,http://dx.doi.org/10.1177/0030727019879453
"Ordóñez, C; Threlfall, CG; Kendal, D; Hochuli, DF; Davern, M; Fuller, RA; van der Ree, R; Livesley, SJ",2019,10.1016/j.landurbplan.2019.04.020,http://dx.doi.org/10.1016/j.landurbplan.2019.04.020
"Ordóñez-Barona, C",2017,10.1016/j.ufug.2017.06.006,http://dx.doi.org/10.1016/j.ufug.2017.06.006
"Ostoic, SK; Salbitano, F; Borelli, S; Verlic, A",2018,10.1016/j.ufug.2018.03.005,http://dx.doi.org/10.1016/j.ufug.2018.03.005
"Palmberg-Lerche, C",2008,,
"Pan, CY; Shrestha, A; Innes, JL; Zhou, GM; Li, NY; Li, JL; He, YY; Sheng, CG; Niles, JO; Wang, GY",2022,10.1007/s11676-022-01488-z,http://dx.doi.org/10.1007/s11676-022-01488-z
"Pan, Q; Wen, Z; Wu, T; Zheng, TC; Yang, YZ; Li, RA; Zheng, H",2022,10.1016/j.ecoser.2022.101484,http://dx.doi.org/10.1016/j.ecoser.2022.101484
"Park, S; Kim, E; Kim, G; Kim, S; Choi, Y; Paek, D",2022,10.3390/ijerph19052692,http://dx.doi.org/10.3390/ijerph19052692
"Partelow, S",2018,10.5751/ES-10594-230436,http://dx.doi.org/10.5751/ES-10594-230436
"Pathak, U; Gupta, NC; Suri, JC",2020,10.1080/09603123.2019.1575951,http://dx.doi.org/10.1080/09603123.2019.1575951
"Pauchet, A; Chaussavoine, A; Pairon, JC; Gabillon, C; Didier, A; Baldi, ; Esquirol, Y",2022,10.1080/10937404.2022.2131663,http://dx.doi.org/10.1080/10937404.2022.2131663
"Pehrsson, T",2016,10.1108/EBR-09-2015-0089,http://dx.doi.org/10.1108/EBR-09-2015-0089
"Pelai, R; Hagerman, SM; Kozak, R",2020,10.1016/j.forpol.2020.102191,http://dx.doi.org/10.1016/j.forpol.2020.102191
"Perkovic, N; Stepinac, M; Rajcic, V; Barbalic, J",2021,10.3390/buildings11110528,http://dx.doi.org/10.3390/buildings11110528
"Peros, CS; Dasgupta, R; Estoque, RC; Basu, M",2022,10.1088/2515-7620/ac9d86,http://dx.doi.org/10.1088/2515-7620/ac9d86
"Perring, MP; Standish, RJ; Price, JN; Craig, MD; Erickson, TE; Ruthrof, KX; Whiteley, AS; Valentine, LE; Hobbs, RJ",2015,10.1890/ES15-00121.1,http://dx.doi.org/10.1890/ES15-00121.1
"Perrotti, D; Stremke, S",2020,10.1177/2399808318797131,http://dx.doi.org/10.1177/2399808318797131
"Pescott, OL; Stewart, GB",2014,10.7717/peerj.360,http://dx.doi.org/10.7717/peerj.360
"Petit, K; Dunoyer, C; Fischer, C; Hars, J; Baubet, E; López-Olvera, JR; Rossi, S; Collin, E; Le Potier, MF; Belloc, C; Peroz, C; Rose, N; Vaillancourt, JP; Saegerman, C",2020,10.1111/tbed.13447,http://dx.doi.org/10.1111/tbed.13447
"Petr, M; Vacchiano, G; Thom, D; Mairota, P; Kautz, M; Goncalves, LMS; Yousefpour, R; Kaloudis, S; Reyer, CPO",2019,10.1088/1748-9326/ab4670,http://dx.doi.org/10.1088/1748-9326/ab4670
"Petrokofsky, G; Holmgren, P; Brown, ND",2011,,
"Petrokofsky, G; Brown, ND; Hemery, GE",2013,10.1016/j.forpol.2012.05.005,http://dx.doi.org/10.1016/j.forpol.2012.05.005
"Petrokofsky, G; Kanamaru, H; Achard, F; Goetz, SJ; Joosten, H; Holmgren, P; Lehtonen, A; Menton, MCS; Pullin, AS; Wattenbach, M",2012,10.1186/2047-2382-1-6,http://dx.doi.org/10.1186/2047-2382-1-6
"Piao, SL; Zhang, XP; Chen, AP; Liu, Q; Lian, X; Wang, XH; Peng, SS; Wu, XC",2019,10.1007/s11430-018-9363-5,http://dx.doi.org/10.1007/s11430-018-9363-5
"Pinheiro, C; Guerra-Guimaraes, L; David, TS; Vieira, A",2014,10.1016/j.envexpbot.2014.01.010,http://dx.doi.org/10.1016/j.envexpbot.2014.01.010
"Pinto, LV; Inacio, M; Ferreira, CSS; Ferreira, AD; Pereira, P",2022,10.1016/j.scs.2022.104072,http://dx.doi.org/10.1016/j.scs.2022.104072
"Pisani, D; De Lucia, C; Pazienza, P",2022,10.3389/ffgc.2022.798976,http://dx.doi.org/10.3389/ffgc.2022.798976
"Pittler, MH; Ernst, E",1998,10.1001/archderm.134.11.1356,http://dx.doi.org/10.1001/archderm.134.11.1356
"Piwonska, K; Urbanska, M; Pilarska, E; Miniszewski, M; Staniszewski, J; Kryszak, L",2021,10.2478/manment-2019-0074,http://dx.doi.org/10.2478/manment-2019-0074
"Plexida, S; Solomou, A; Poirazidis, K; Sfougaris, A",2018,10.1016/j.jaridenv.2017.11.017,http://dx.doi.org/10.1016/j.jaridenv.2017.11.017
"Plieninger, T; Draux, H; Fagerholm, N; Bieling, C; Bürgi, M; Kizos, T; Kuemmerle, T; Primdahl, J; Verburg, PH",2016,10.1016/j.landusepol.2016.04.040,http://dx.doi.org/10.1016/j.landusepol.2016.04.040
"Ploughe, LW; Akin-Fajiye, M; Gagnon, A; Gardner, WC; Fraser, LH",2021,10.1111/avsc.12558,http://dx.doi.org/10.1111/avsc.12558
"Po, JYT; FitzGerald, JM; Carlsten, C",2011,10.1136/thx.2010.147884,http://dx.doi.org/10.1136/thx.2010.147884
"Poledniková, Z; Galia, T",2021,10.3390/w13182594,http://dx.doi.org/10.3390/w13182594
"Poley, LG; McDermid, GJ",2020,10.3390/rs12071052,http://dx.doi.org/10.3390/rs12071052
"Poole, CJM; Basu, S",2017,10.1093/occmed/kqx153,http://dx.doi.org/10.1093/occmed/kqx153
"Potts, R",2020,10.1080/09640568.2019.1663723,http://dx.doi.org/10.1080/09640568.2019.1663723
"Prince, SA; Lancione, S; Lang, JJ; Amankwah, N; de Groh, M; Garcia, AJ; Merucci, K; Geneau, R",2022,10.1016/j.healthplace.2022.102828,http://dx.doi.org/10.1016/j.healthplace.2022.102828
"Prins, J; van der Wilt, F; van der Veen, C; Hovinga, D",2022,10.3389/fpsyg.2022.995164,http://dx.doi.org/10.3389/fpsyg.2022.995164
"Qin, YH",2020,10.3390/w12123579,http://dx.doi.org/10.3390/w12123579
"Quintas-Soriano, C; Martín-López, B; Santos-Martín, F; Loureiro, M; Montes, C; Benayas, J; García-Llorente, M",2016,10.1016/j.envsci.2015.10.001,http://dx.doi.org/10.1016/j.envsci.2015.10.001
"Quinteiro, P; Ridoutt, BG; Arroja, L; Dias, AC",2018,10.1007/s11367-017-1304-0,http://dx.doi.org/10.1007/s11367-017-1304-0
"Quinton, J; Nesbitt, L; Sax, D",2022,10.1177/03091325221104478,http://dx.doi.org/10.1177/03091325221104478
"Radics, RI; Gonzalez, R; Bilek, EM; Kelley, SS",2017,10.15376/biores.12.3.Radics,http://dx.doi.org/10.15376/biores.12.3.Radics
"Radke, N; Yousefpour, R; von Detten, R; Reifenberg, S; Hanewinkel, M",2017,10.1007/s13595-017-0641-2,http://dx.doi.org/10.1007/s13595-017-0641-2
"Rahman, MHU; Ahrends, HE; Raza, A; Gaiser, T",2023,10.3389/ffgc.2022.1032442,http://dx.doi.org/10.3389/ffgc.2022.1032442
"Raihan, A; Begum, RA; Said, MNM",2021,10.17576/geo-2021-1704-22,http://dx.doi.org/10.17576/geo-2021-1704-22
"Rajoo, KS; Karam, DS; Abdullah, MZ",2020,10.1016/j.ufug.2020.126744,http://dx.doi.org/10.1016/j.ufug.2020.126744
"Ramirez, JI; Jansen, PA; Poorter, L",2018,10.1016/j.foreco.2018.05.016,http://dx.doi.org/10.1016/j.foreco.2018.05.016
"Randall, NP; Donnison, LM; Lewis, PJ",2012,10.1186/2047-2382-1-12,http://dx.doi.org/10.1186/2047-2382-1-12
"Ranjbari, M; Esfandabadi, ZS; Ferraris, A; Quatraro, F; Rehan, M; Nizami, AS; Gupta, VK; Lam, SS; Aghbashlo, M; Tabatabaei, M",2022,10.1016/j.chemosphere.2022.133968,http://dx.doi.org/10.1016/j.chemosphere.2022.133968
"Rapinel, S; Hubert-Moy, L",2021,10.3390/rs13101892,http://dx.doi.org/10.3390/rs13101892
"Rathinam, F; Khatua, S; Siddiqui, Z; Malik, M; Duggal, P; Watson, S; Vollenweider, X",2021,10.1002/cl2.1149,http://dx.doi.org/10.1002/cl2.1149
"Razmpoosh, E; Abdollahi, S; Mousavirad, M; Clark, CCT; Soltani, S",2022,10.1186/s13098-022-00920-y,http://dx.doi.org/10.1186/s13098-022-00920-y
"Asl, SR; Pearsall, H",2022,10.3390/land11081247,http://dx.doi.org/10.3390/land11081247
"Redha, AA; Perna, S; Riva, A; Petrangolini, G; Peroni, G; Nichetti, M; Iannello, G; Naso, M; Faliva, MA; Rondanelli, M",2021,10.1016/j.jff.2021.104600,http://dx.doi.org/10.1016/j.jff.2021.104600
"Rega-Brodsky, CC; Aronson, MFJ; Piana, MR; Carpenter, ES; Hahs, AK; Herrera-Montes, A; Knapp, S; Kotze, DJ; Lepczyk, CA; Moretti, M; Salisbury, AB; Williams, NSG; Jung, K; Katti, M; MacGregor-Fors, I; MacIvor, JS; La Sorte, FA; Sheel, V; Threfall, CG; Nilon, CH",2022,10.1007/s11252-022-01207-w,http://dx.doi.org/10.1007/s11252-022-01207-w
"Rehberger, M; Hiete, M",2020,10.3390/su12114366,http://dx.doi.org/10.3390/su12114366
"Reim, W; Parida, V; Sjödin, DR",2019,10.3390/su11092558,http://dx.doi.org/10.3390/su11092558
"Reyes-Torres, M; Oviedo-Ocaña, ER; Dominguez, I; Komilis, D; Sánchez, A",2018,10.1016/j.wasman.2018.04.037,http://dx.doi.org/10.1016/j.wasman.2018.04.037
"Ricco, M; Peruzzi, S; Ranzieri, S; Magnavita, N",2021,10.3390/v13112150,http://dx.doi.org/10.3390/v13112150
"Riches, S; Jeyarajaguru, P; Taylor, L; Fialho, C; Little, J; Ahmed, L; O'Brien, A; van Driel, C; Veling, W; Valmaggia, L",2023,10.1007/s00127-022-02417-5,http://dx.doi.org/10.1007/s00127-022-02417-5
"Roberts, H; van Lissa, C; Hagedoorn, P; Kellar, I; Helbich, M",2019,10.1016/j.envres.2019.108606,http://dx.doi.org/10.1016/j.envres.2019.108606
"Robledo-Abad, C; Althaus, HJ; Berndes, G; Bolwig, S; Corbera, E; Creutzig, F; Garcia-Ulloa, J; Geddes, A; Gregg, JS; Haberl, H; Hanger, S; Harper, RJ; Hunsberger, C; Larsen, RK; Lauk, C; Leitner, S; Lilliestam, J; Lotze-Campen, H; Muys, B; Nordborg, M; Olund, M; Orlowsky, B; Popp, A; Portugal-Pereira, J; Reinhard, J; Scheiffle, L; Smith, P",2017,10.1111/gcbb.12338,http://dx.doi.org/10.1111/gcbb.12338
"Rodríguez-Santamaría, K; Zafra-Mejía, CA; Rondón-Quintana, HA",2022,10.3390/bios12100812,http://dx.doi.org/10.3390/bios12100812
"Quirós, JR",2013,,
"Rojas-Rueda, D; Nieuwenhuijsen, MJ; Gascon, M; Perez-Leon, D; Mudu, P",2019,10.1016/S2542-5196(19)30215-3,http://dx.doi.org/10.1016/S2542-5196(19)30215-3
"Romero-Brito, TP; Buckley, RC; Byrne, J",2016,10.1371/journal.pone.0166919,http://dx.doi.org/10.1371/journal.pone.0166919
"Roshani; Sajjad, H; Kumar, P; Masroor, M; Rahaman, MH; Rehman, S; Ahmed, R; Sahana, M",2022,10.3390/f13060917,http://dx.doi.org/10.3390/f13060917
"Rouet-Leduc, J; Pe'er, G; Moreira, F; Bonn, A; Helmer, W; Zadeh, SAAS; Zizka, A; van der Plas, F",2021,10.1111/1365-2664.13972,http://dx.doi.org/10.1111/1365-2664.13972
"Rowe, R; Whitaker, J; Freer-Smith, PH; Chapman, J; Ryder, S; Ludley, KE; Howard, DC; Taylor, G",2011,10.4155/BFS.11.131,http://dx.doi.org/10.4155/BFS.11.131
"Rowley, M; Topciu, R; Owens, M",2022,10.3390/ijerph191912649,http://dx.doi.org/10.3390/ijerph191912649
"Rubin, Z; Kondolf, GM; Rios-Touma, B",2017,10.3390/w9030174,http://dx.doi.org/10.3390/w9030174
"Runting, RK; Bryan, BA; Dee, LE; Maseyk, FJF; Mandle, L; Hamel, P; Wilson, KA; Yetka, K; Possingham, HP; Rhodes, JR",2017,10.1111/gcb.13457,http://dx.doi.org/10.1111/gcb.13457
"Russo, A; Escobedo, FJ; Cirella, GT; Zerbe, S",2017,10.1016/j.agee.2017.03.026,http://dx.doi.org/10.1016/j.agee.2017.03.026
"Ruttan, A; Lortie, CJ",2015,10.1093/jpe/rtu030,http://dx.doi.org/10.1093/jpe/rtu030
"Saade, MRM; Guest, G; Amor, B",2020,10.1016/j.buildenv.2019.106449,http://dx.doi.org/10.1016/j.buildenv.2019.106449
"Sachet, E; Mertz, O; Le Coq, JF; Cruz-Garcia, GS; Francesconi, W; Bonin, M; Quintero, M",2021,10.3389/fsufs.2021.709401,http://dx.doi.org/10.3389/fsufs.2021.709401
"Sahavacharin, A; Sompongchaiyakul, P; Thaitakoo, D",2022,10.1007/s11355-022-00505-x,http://dx.doi.org/10.1007/s11355-022-00505-x
"Sahebkar, A",2014,10.1177/1074248413511691,http://dx.doi.org/10.1177/1074248413511691
"Sak, K; Jürisoo, K; Raal, A",2014,10.3109/13880209.2013.871641,http://dx.doi.org/10.3109/13880209.2013.871641
"Salotti, I; Ji, T; Rossi, V",2022,10.3389/fpls.2022.953760,http://dx.doi.org/10.3389/fpls.2022.953760
"Sana, A; Somda, SMA; Meda, N; Bouland, C",2018,10.1136/bmjresp-2017-000246,http://dx.doi.org/10.1136/bmjresp-2017-000246
"Sandström, J; Bernes, C; Junninen, K; Lohmus, A; Macdonald, E; Müller, J; Jonsson, BG",2019,10.1111/1365-2664.13395,http://dx.doi.org/10.1111/1365-2664.13395
"Santos, A; Carvalho, A; Barbosa-Póvoa, AP; Marques, A; Amorim, P",2019,10.1016/j.forpol.2019.05.026,http://dx.doi.org/10.1016/j.forpol.2019.05.026
"Santos, D; Sousa, HS; Cabaleiro, M; Branco, JM",2023,10.1080/15583058.2022.2034071,http://dx.doi.org/10.1080/15583058.2022.2034071
"Sanz-Hernandez, A; Jim, P; Zarauz, I",2022,10.1016/j.forpol.2022.102762,http://dx.doi.org/10.1016/j.forpol.2022.102762
"Sardeshpande, M; Shackleton, C",2019,10.3390/f10060467,http://dx.doi.org/10.3390/f10060467
"Sartas, M; Cummings, S; Garbero, A; Akramkhanov, A",2021,10.3390/f12081027,http://dx.doi.org/10.3390/f12081027
"Savilaakso, S; Johansson, A; Häkkilä, M; Uusitalo, A; Sandgren, T; Mönkkönen, M; Puttonen, P",2021,10.1186/s13750-020-00215-7,http://dx.doi.org/10.1186/s13750-020-00215-7
"Schindler, S; Livoreil, B; Pinto, IS; Araújo, RM; Zulka, KP; Pullin, AS; Santamaria, L; Kropik, M; Fernández-Méndez, P; Wrbka, T",2016,10.1007/s10531-016-1128-4,http://dx.doi.org/10.1007/s10531-016-1128-4
"Schöll, EM; Nopp-Mayr, U",2021,10.1016/j.biocon.2021.109037,http://dx.doi.org/10.1016/j.biocon.2021.109037
"Schramm, PJ; Brown, CL; Saha, S; Conlon, KC; Manangan, AP; Bell, JE; Hess, JJ",2021,10.1007/s00484-021-02128-7,http://dx.doi.org/10.1007/s00484-021-02128-7
"Schulte, I; Eggers, J; Nielsen, JO; Fuss, S",2022,10.1088/1748-9326/ac4071,http://dx.doi.org/10.1088/1748-9326/ac4071
"Schultz, M; Jamieson, H; Piontek, E; Coon, JJ; Halsey, SJ",2022,10.1080/08941920.2022.2073625,http://dx.doi.org/10.1080/08941920.2022.2073625
"Schunko, C; Li, XY; Klappoth, B; Lesi, F; Porcher, V; Porcuna-Ferrer, A; Reyes-García, V",2022,10.1016/j.gfs.2021.100601,http://dx.doi.org/10.1016/j.gfs.2021.100601
"Schwarz, J; Skiadaresis, G; Kohler, M; Kunz, J; Schnabel, F; Vitali, V; Bauhus, J",2020,10.1007/s40725-020-00119-2,http://dx.doi.org/10.1007/s40725-020-00119-2
"Seedre, M; Felton, A; Lindbladh, M",2018,10.1186/s13750-018-0138-y,http://dx.doi.org/10.1186/s13750-018-0138-y
"Selwood, KE; Zimmer, HC",2020,10.1016/j.biocon.2020.108502,http://dx.doi.org/10.1016/j.biocon.2020.108502
"Sharma, M; Sharma, M; Sharma, M",2022,10.1007/s43538-022-00119-9,http://dx.doi.org/10.1007/s43538-022-00119-9
"Shen, XR; Gatto, P; Pagliacci, F",2023,10.3390/f14010136,http://dx.doi.org/10.3390/f14010136
"Shi, JC; Du, Y; Du, JY; Jiang, LM; Chai, LN; Mao, KB; Xu, P; Ni, WJ; Xiong, C; Liu, Q; Liu, CZ; Guo, P; Cui, Q; Li, YQ; Chen, J; Wang, AQ; Luo, HJ; Wang, YH",2012,10.1007/s11430-012-4444-x,http://dx.doi.org/10.1007/s11430-012-4444-x
"Shim, SR; Chang, JK; Lee, JH; Byeon, WJ; Lee, J; Lee, KJ",2022,10.3390/f13122029,http://dx.doi.org/10.3390/f13122029
"Shin, JC; Parab, KV; An, RP; Grigsby-Toussaint, DS",2020,10.1016/j.envres.2019.109081,http://dx.doi.org/10.1016/j.envres.2019.109081
"Shrestha, SK; Lambert, KA; Erbas, B",2021,10.1080/02770903.2020.1771726,http://dx.doi.org/10.1080/02770903.2020.1771726
"Sievers, M; Hale, R; Morrongiello, JR",2017,10.1111/fwb.12888,http://dx.doi.org/10.1111/fwb.12888
"Gomes, PGS; Lima, EL; Silva, SR; Juen, L; Brasil, LS",2022,10.1007/s10661-022-10352-w,http://dx.doi.org/10.1007/s10661-022-10352-w
"Simao, GL; da Silva, FL; Azevedo, AC; Antonialli, LM",2016,,
"Slatyer, RA; Umbers, KDL; Arnold, PA",2022,10.1111/cobi.13727,http://dx.doi.org/10.1111/cobi.13727
"Smith, AC; Harrison, PA; Soba, MP; Archaux, F; Blicharska, M; Egoh, BN; Eros, T; Domenech, NF; György, AI; Haines-Young, R; Li, S; Lommelen, E; Meiresonne, L; Ayala, LM; Mononen, L; Simpson, G; Stange, E; Turkelboom, F; Uiterwijk, M; Veerkamp, CJ; de Echeverria, VW",2017,10.1016/j.ecoser.2017.06.006,http://dx.doi.org/10.1016/j.ecoser.2017.06.006
"Sohel, MSI; Salam, MA; Herbohn, J",2019,10.3390/hydrology6020040,http://dx.doi.org/10.3390/hydrology6020040
"Song, XP; Tan, PY; Edwards, P; Richards, D",2018,10.1016/j.ufug.2017.11.017,http://dx.doi.org/10.1016/j.ufug.2017.11.017
"Sotomayor, DA; Lortie, CJ",2015,10.1890/ES14-00117.1,http://dx.doi.org/10.1890/ES14-00117.1
"Soubry, I; Doan, T; Chu, T; Guo, XL",2021,10.3390/rs13163262,http://dx.doi.org/10.3390/rs13163262
"Sousa, J; Çinar, C; Carmo, M; Malagoli, MAS",2022,10.1007/s11069-022-05460-2,http://dx.doi.org/10.1007/s11069-022-05460-2
"Sprague, NL; Bancalari, P; Karim, W; Siddiq, S",2022,10.1038/s41370-022-00445-6,http://dx.doi.org/10.1038/s41370-022-00445-6
"Steckling-Muschack, N; Mertes, H; Mittermeier, I; Schutzmeier, P; Becker, J; Bergmann, KC; Böse-O'Reilly, S; Buters, J; Damialis, A; Heinrich, J; Kabesch, M; Nowak, D; Walser-Reichenbach, S; Weinberger, A; Zamfir, M; Herr, C; Kutzora, S; Heinze, S",2021,10.1007/s10453-021-09709-4,http://dx.doi.org/10.1007/s10453-021-09709-4
"Stefanini, C; Csilléry, K; Ulaszewski, B; Burczyk, J; Schaepman, ME; Schuman, MC",2023,10.1007/s11295-022-01577-4,http://dx.doi.org/10.1007/s11295-022-01577-4
"Steiger, R; Knowles, N; Pöll, K; Rutty, M",2022,10.1080/09669582.2022.2112204,http://dx.doi.org/10.1080/09669582.2022.2112204
"Stier-Jarmer, M; Throner, V; Kirschneck, M; Immich, G; Frisch, D; Schuh, A",2021,10.3390/ijerph18041770,http://dx.doi.org/10.3390/ijerph18041770
"Stroud, S; Peacock, J; Hassall, C",2022,10.1016/j.baae.2022.02.007,http://dx.doi.org/10.1016/j.baae.2022.02.007
"Sturtevant, BR; Fortin, MJ",2021,10.3389/fevo.2021.653647,http://dx.doi.org/10.3389/fevo.2021.653647
"Subedi, YR; Kristiansen, P; Cacho, O",2022,10.1016/j.envdev.2021.100681,http://dx.doi.org/10.1016/j.envdev.2021.100681
"Sugahara, ES; Arroyo, FN; de Campos, CI; Botelho, EC; Christoforo, AL; Costa, ML; Lahr, FAR",2022,10.1007/s00107-022-01849-9,http://dx.doi.org/10.1007/s00107-022-01849-9
"Sumner, E; Venn, S",2021,10.3390/land10111150,http://dx.doi.org/10.3390/land10111150
"Suopajärvi, H; Kemppainen, A; Haapakangas, J; Fabritius, T",2017,10.1016/j.jclepro.2017.02.029,http://dx.doi.org/10.1016/j.jclepro.2017.02.029
"Svenning, JC; Pedersen, PBM; Donlan, CJ; Ejrnæs, R; Faurby, S; Galetti, M; Hansen, DM; Sandel, B; Sandom, CJ; Terborgh, JW; Vera, FWM",2016,10.1073/pnas.1502556112,http://dx.doi.org/10.1073/pnas.1502556112
"Sweaney, N; Lindenmayer, DB; Driscoll, DA",2014,10.1007/s10841-014-9641-9,http://dx.doi.org/10.1007/s10841-014-9641-9
"Abdullah, SSS; Rambli, DRA; Sulaiman, S; Alyan, E; Merienne, F; Diyana, N",2021,10.3390/f12121776,http://dx.doi.org/10.3390/f12121776
"Tamiminia, H; Salehi, B; Mahdianpari, M; Quackenbush, L; Adeli, S; Brisco, B",2020,10.1016/j.isprsjprs.2020.04.001,http://dx.doi.org/10.1016/j.isprsjprs.2020.04.001
"Tan, WC; Herrel, A; Rödder, D",2023,10.1007/s10531-022-02530-6,http://dx.doi.org/10.1007/s10531-022-02530-6
"Tavares, PA; Beltrao, N; Guimaraes, US; Teodoro, A; Gonçalves, P",2019,10.3390/environments6050051,http://dx.doi.org/10.3390/environments6050051
"Taye, FA; Folkersen, MV; Fleming, CM; Buckwell, A; Mackey, B; Diwakar, KC; Le, D; Hasan, S; Saint Ange, C",2021,10.1016/j.ecolecon.2021.107145,http://dx.doi.org/10.1016/j.ecolecon.2021.107145
"Tedesco, AM; Brancalion, PHS; Hepburn, MLH; Walji, K; Wilson, KA; Possingham, HP; Dean, AJ; Nugent, N; Elias-Trostmann, K; Perez-Hammerle, KV; Rhodes, JR",2023,10.1098/rstb.2021.0088,http://dx.doi.org/10.1098/rstb.2021.0088
"Teixeira, CP; Fernandes, CO",2020,10.1007/s10980-019-00934-4,http://dx.doi.org/10.1007/s10980-019-00934-4
"Teixido, AL; Fuzessy, LF; Souza, CS; Gomes, IN; Kaminski, LA; Oliveira, PC; Maruyama, PK",2022,10.1016/j.biocon.2022.109461,http://dx.doi.org/10.1016/j.biocon.2022.109461
"Teodoro, JD; OLeary, DS; Kerr, SE; Peskin, E; Silva, JA",2019,10.1007/s42452-019-1221-x,http://dx.doi.org/10.1007/s42452-019-1221-x
"Thakur, S; Negi, VS; Dhyani, R; Satish, KV; Bhatt, ID",2021,10.1016/j.tfp.2021.100156,http://dx.doi.org/10.1016/j.tfp.2021.100156
"Thomas, E; Wickramasinghe, K; Mendis, S; Roberts, N; Foster, C",2015,10.1186/s12889-015-2024-7,http://dx.doi.org/10.1186/s12889-015-2024-7
"Thomas, E; Borchard, N; Sarmiento, C; Atkinson, R; Ladd, B",2020,10.1007/s42773-020-00053-3,http://dx.doi.org/10.1007/s42773-020-00053-3
"Thomas, REW; Teel, T; Bruyere, B; Laurence, S",2019,10.1080/13504622.2018.1450849,http://dx.doi.org/10.1080/13504622.2018.1450849
"Thomsen, JM; Powell, RB; Monz, C",2018,10.18666/JPRA-2018-V36-I1-8095,http://dx.doi.org/10.18666/JPRA-2018-V36-I1-8095
"Thonemann, N; Schumann, M",2018,10.1016/j.jclepro.2016.12.069,http://dx.doi.org/10.1016/j.jclepro.2016.12.069
"Tiebel, M; Mölder, A; Plieninger, T",2022,10.1007/s13280-021-01615-w,http://dx.doi.org/10.1007/s13280-021-01615-w
"Timonen, J; Gustafsson, L; Kotiaho, JS; Mönkkönen, M",2011,10.1016/j.biocon.2011.02.016,http://dx.doi.org/10.1016/j.biocon.2011.02.016
"Toledo, TDSD; Pich, CS; Roll, AAP; Prá, MAD; Leite, FL; Xavier, EG; Roll, VFB",2019,10.1080/00071668.2019.1639143,http://dx.doi.org/10.1080/00071668.2019.1639143
"Tornese, F; Gnoni, MG; Thorn, BK; Carrano, AL; Pazour, JA",2021,10.3390/su132212747,http://dx.doi.org/10.3390/su132212747
"Torralba, M; Fagerholm, N; Burgess, PJ; Moreno, G; Plieninger, T",2016,10.1016/j.agee.2016.06.002,http://dx.doi.org/10.1016/j.agee.2016.06.002
"Toxopeus, H; Polzin, F",2021,10.1016/j.jenvman.2021.112371,http://dx.doi.org/10.1016/j.jenvman.2021.112371
"Traldi, R",2021,10.1016/j.ecolind.2021.107490,http://dx.doi.org/10.1016/j.ecolind.2021.107490
"Trimble, MJ; van Aarde, RJ",2012,10.1890/ES12-00299.1,http://dx.doi.org/10.1890/ES12-00299.1
"Tröster, R; Hiete, M",2018,10.1016/j.jclepro.2018.05.240,http://dx.doi.org/10.1016/j.jclepro.2018.05.240
"Tsoulou, I; Senick, J; Mainelis, G; Kim, S",2021,10.1111/ina.12835,http://dx.doi.org/10.1111/ina.12835
"Tyler, C; Pullin, AS; Stewart, GB",2006,10.1007/s00267-005-0127-0,http://dx.doi.org/10.1007/s00267-005-0127-0
"Tyllianakis, E; Martin-Ortega, J",2021,10.1016/j.landusepol.2021.105620,http://dx.doi.org/10.1016/j.landusepol.2021.105620
"Uddin, M; Chowdhury, A; Kabir, MA",2024,10.1007/s00146-022-01421-2,http://dx.doi.org/10.1007/s00146-022-01421-2
"Undin, M; Atrena, A; Carlsson, F; Edman, M; Jonsson, BG; Sandström, J",2022,10.1186/s13750-022-00287-7,http://dx.doi.org/10.1186/s13750-022-00287-7
"Ureta-Leones, D; Garcia-Quintana, Y; Vega-Rosete, S; Perez-Morell, L; Bravo-Medina, CA; Arteaga-Crespo, Y",2021,10.1007/s10342-021-01400-0,http://dx.doi.org/10.1007/s10342-021-01400-0
"Vahid, S; Lehoux, N; de Santa-Eulalia, LA; D'Amours, S; Frayret, JM; Venkatadri, U",2016,10.1080/03155986.2016.1149312,http://dx.doi.org/10.1080/03155986.2016.1149312
"Valani, GP; Martíni, AF; da Silva, LFS; Bovi, RC; Cooper, M",2021,10.1111/sum.12667,http://dx.doi.org/10.1111/sum.12667
"van Asselen, S; Verburg, PH; Vermaat, JE; Janse, JH",2013,10.1371/journal.pone.0081292,http://dx.doi.org/10.1371/journal.pone.0081292
"van der Plas, F",2019,10.1111/brv.12499,http://dx.doi.org/10.1111/brv.12499
"van Haaften, M; Liu, YL; Wang, YX; Zhang, YY; Gardebroek, C; Heijman, W; Meuwissen, M",2021,10.1371/journal.pone.0246805,http://dx.doi.org/10.1371/journal.pone.0246805
"van Vliet, J; Magliocca, NR; Büchner, B; Cook, E; Benayas, JMR; Ellis, EC; Heinimann, A; Keys, E; Lee, TM; Liu, JG; Mertz, O; Meyfroidt, P; Moritz, M; Poeplau, C; Robinson, BE; Seppelt, R; Seto, KC; Verburg, PH",2016,10.1007/s13280-015-0699-8,http://dx.doi.org/10.1007/s13280-015-0699-8
"van Vliet, J; de Groot, HLF; Rietveld, P; Verburg, PH",2015,10.1016/j.landurbplan.2014.09.001,http://dx.doi.org/10.1016/j.landurbplan.2014.09.001
"Vaz, AS; Alcaraz-Segura, D; Campos, JC; Vicente, JR; Honrado, JP",2018,10.1016/j.scitotenv.2018.06.134,http://dx.doi.org/10.1016/j.scitotenv.2018.06.134
"Vázquez-Ramírez, J; Venn, SE",2021,10.3390/plants10040768,http://dx.doi.org/10.3390/plants10040768
"Vázquez-Varela, C; Martínez-Navarro, JM; Abad-González, L",2022,10.3390/fire5020047,http://dx.doi.org/10.3390/fire5020047
"Velasco-Muñoz, JF; Aznar-Sánchez, JA; Schoenemann, M; López-Felices, B",2022,10.24136/oc.2022.028,http://dx.doi.org/10.24136/oc.2022.028
"Velasquez-Camacho, L; Cardil, A; Mohan, M; Etxegarai, M; Anzaldi, G; de-Miguel, S",2021,10.3390/rs13234889,http://dx.doi.org/10.3390/rs13234889
"Venkatesan, S; Afroz, M; Navaratnam, S; Gravina, R",2023,10.3390/buildings13010181,http://dx.doi.org/10.3390/buildings13010181
"Vigna, I; Besana, A; Comino, E; Pezzoli, A",2021,10.3390/su13042121,http://dx.doi.org/10.3390/su13042121
"Vij, S; Biesbroek, R; Adler, C; Muccione, V",2021,10.1658/MRD-JOURNAL-D-20-00033.1,http://dx.doi.org/10.1658/MRD-JOURNAL-D-20-00033.1
"Villanueva, FDP; Tegegne, YT; Winkel, G; Cerutti, PO; Ramcilovic-Suominen, S; McDermott, CL; Zeitlin, J; Sotirov, M; Cashore, B; Wardell, DA; Haywood, A; Giessen, L",2023,10.1016/j.jenvman.2022.116874,http://dx.doi.org/10.1016/j.jenvman.2022.116874
"Wagenbrenner, JW; Ebel, BA; Bladon, KD; Kinoshita, AM",2021,10.1016/j.jhydrol.2021.126772,http://dx.doi.org/10.1016/j.jhydrol.2021.126772
"Wallius, V; Kunttu, J; Leskinen, P; Van Brusselen, J; Näyhä, A",2023,10.1007/s00107-022-01905-4,http://dx.doi.org/10.1007/s00107-022-01905-4
"Walser, SM; Gerstner, DG; Brenner, B; Bünger, J; Eikmann, T; Janssen, B; Kolb, S; Kolk, A; Nowak, D; Raulf, M; Sagunski, H; Sedlmaier, N; Suchenwirth, R; Wiesmüller, G; Wollin, KM; Tesseraux, I; Herr, CEW",2015,10.1016/j.ijheh.2015.07.004,http://dx.doi.org/10.1016/j.ijheh.2015.07.004
"Wang, L; Ji, B; Hu, YH; Liu, RQ; Sun, W",2017,10.1016/j.chemosphere.2017.06.025,http://dx.doi.org/10.1016/j.chemosphere.2017.06.025
"Ward, A; Dargusch, P; Grussu, G; Romeo, R",2016,10.1080/14693062.2015.1046413,http://dx.doi.org/10.1080/14693062.2015.1046413
"Waylen, KA; Fischer, A; McGowan, PJK; Thirgood, SJ; Milner-Gulland, EJ",2010,10.1111/j.1523-1739.2010.01446.x,http://dx.doi.org/10.1111/j.1523-1739.2010.01446.x
"Weidlich, EWA; Nelson, CR; Maron, JL; Callaway, RM; Delory, BM; Temperton, VM",2021,10.1111/rec.13317,http://dx.doi.org/10.1111/rec.13317
"Weilnhammer, V; Schmid, J; Mittermeier, I; Schreiber, F; Jiang, LM; Pastuhovic, V; Herr, C; Heinze, S",2021,10.1016/j.ijheh.2021.113688,http://dx.doi.org/10.1016/j.ijheh.2021.113688
"Weinbaum, KZ; Brashares, JS; Golden, CD; Getz, WM",2013,10.1111/ele.12008,http://dx.doi.org/10.1111/ele.12008
"Weiss, G; Ludvig, A; Zivojinovic, I",2020,10.1016/j.forpol.2020.102288,http://dx.doi.org/10.1016/j.forpol.2020.102288
"Wen, Y; Yan, Q; Pan, YL; Gu, XR; Liu, YQ",2019,10.1186/s12199-019-0822-8,http://dx.doi.org/10.1186/s12199-019-0822-8
"Weninger, T; Scheper, S; Lackóová, L; Kitzler, B; Gartner, K; King, NW; Cornelis, W; Strauss, P; Michel, K",2021,10.1088/1748-9326/ac1d0d,http://dx.doi.org/10.1088/1748-9326/ac1d0d
"White, RJ; Razgour, O",2020,10.1111/mam.12201,http://dx.doi.org/10.1111/mam.12201
"Wiegant, D; van Oel, P; Dewulf, A",2022,10.1007/s10113-022-01889-0,http://dx.doi.org/10.1007/s10113-022-01889-0
"Wieland, LS; Piechotta, V; Feinberg, T; Ludeman, E; Hutton, B; Kanji, S; Seely, D; Garritty, C",2021,10.1186/s12906-021-03283-5,http://dx.doi.org/10.1186/s12906-021-03283-5
"Wiggans, RE; Evans, G; Fishwick, D; Barber, CM",2016,10.1093/occmed/kqv149,http://dx.doi.org/10.1093/occmed/kqv149
"Winkler, KJ; Scown, MW; Nicholas, KA",2018,10.1016/j.landusepol.2018.06.034,http://dx.doi.org/10.1016/j.landusepol.2018.06.034
"Wiréhn, L",2021,10.1016/j.crm.2021.100370,http://dx.doi.org/10.1016/j.crm.2021.100370
"Wolf, C; Klein, D; Weber-Blaschke, G; Richter, K",2016,10.1111/jiec.12321,http://dx.doi.org/10.1111/jiec.12321
"Wolff, S; Schweinle, J",2022,10.3390/f13050798,http://dx.doi.org/10.3390/f13050798
"Wu, QQ; Yue, K; Wang, XC; Ma, YD; Li, Y",2020,10.1007/s11104-020-04675-1,http://dx.doi.org/10.1007/s11104-020-04675-1
"Wu, SY; Li, SC",2019,10.1016/j.ecolind.2018.11.068,http://dx.doi.org/10.1016/j.ecolind.2018.11.068
"Wu, YF; Whitaker, J; Toet, S; Bradley, A; Davies, CA; McNamara, NP",2021,10.1111/gcb.15791,http://dx.doi.org/10.1111/gcb.15791
"Xiao, J; Xiong, KN",2022,10.1016/j.scitotenv.2022.158538,http://dx.doi.org/10.1016/j.scitotenv.2022.158538
"Xu, LB; Hu, M; Jia, WQ; Zhang, MJ; Tang, Q; Tian, XD; Huang, Y",2022,10.1360/TB-2021-1236,http://dx.doi.org/10.1360/TB-2021-1236
"Xu, XD; Xia, JJ; Gao, Y; Zheng, W",2020,10.1016/j.ufug.2019.126559,http://dx.doi.org/10.1016/j.ufug.2019.126559
"Yang, LP; Driscol, JS; Sarigai, S; Wu, QS; Chen, HF; Lippitt, CD",2022,10.3390/rs14143253,http://dx.doi.org/10.3390/rs14143253
"Yang, YCE; Passarelli, S; Lovell, RJ; Ringler, C",2018,10.1016/j.ecoser.2018.03.015,http://dx.doi.org/10.1016/j.ecoser.2018.03.015
"Yang, Y; Sun, M; Li, SS; Chen, QH; da Silva, JAT; Wang, AJ; Yu, XN; Wang, LS",2020,10.1038/s41438-020-0332-2,http://dx.doi.org/10.1038/s41438-020-0332-2
"Yao, WF; Chen, F; Wang, S; Zhang, XF",2021,10.3389/fpubh.2021.758457,http://dx.doi.org/10.3389/fpubh.2021.758457
"Yeboah, S; Danquah, EO; Oteng-Darko, P; Agyeman, K; Tetteh, EN",2021,10.3389/fsufs.2021.715814,http://dx.doi.org/10.3389/fsufs.2021.715814
"Yeon, PS; Jeon, JY; Jung, MS; Min, GM; Kim, GY; Han, KM; Shin, MJ; Jo, SH; Kim, JG; Shin, WS",2021,10.3390/ijerph182312685,http://dx.doi.org/10.3390/ijerph182312685
"Ying, J; Zhang, XJ; Zhang, YQ; Bilan, S",2022,10.1080/1331677X.2021.1893202,http://dx.doi.org/10.1080/1331677X.2021.1893202
"Young, I; Prematunge, C; Pussegoda, K; Corrin, T; Waddell, L",2021,10.1016/j.ttbdis.2021.101674,http://dx.doi.org/10.1016/j.ttbdis.2021.101674
"Yousefpour, R; Nakamura, N; Matsumura, N",2020,10.1080/10549811.2020.1771376,http://dx.doi.org/10.1080/10549811.2020.1771376
"Youssouf, H; Liousse, C; Roblou, L; Assamoi, EM; Salonen, RO; Maesano, C; Banerjee, S; Annesi-Maesano, I",2014,10.3390/ijerph111111772,http://dx.doi.org/10.3390/ijerph111111772
"Zannini, P; Frascaroli, F; Nascimbene, J; Persico, A; Halley, JM; Stara, K; Midolo, G; Chiarucci, A",2021,10.1007/s10531-021-02296-3,http://dx.doi.org/10.1007/s10531-021-02296-3
"Zhai, J; Ning, Z",2022,10.3390/land11091608,http://dx.doi.org/10.3390/land11091608
"Zhang, GQ; Mao, Z; Fortunel, C; Martinez-Vilalta, J; Viennois, G; Maillard, P; Stokes, A",2022,10.1002/ajb2.1838,http://dx.doi.org/10.1002/ajb2.1838
"Zhang, YQ; Fei, XH; Liu, F; Chen, JX; You, XL; Huang, SJ; Wang, MH; Dong, JN",2022,10.3390/f13111810,http://dx.doi.org/10.3390/f13111810
"Zhang, YY; Dang, YT; Wang, JX; Huang, Q; Wang, XK; Yao, LR; Vinay, N; Yu, KL; Wen, XX; Xiong, YC; Liao, YC; Han, J; Mo, F",2022,10.1016/j.soilbio.2022.108851,http://dx.doi.org/10.1016/j.soilbio.2022.108851
"Zhang, YJ; Toppinen, A; Uusivuori, J",2014,10.1016/j.forpol.2013.06.017,http://dx.doi.org/10.1016/j.forpol.2013.06.017
"Zhang, Y; An, CB; Zhang, WS; Zheng, LY; Zhang, YZ; Lu, C; Liu, LY",2023,10.1007/s11368-022-03313-w,http://dx.doi.org/10.1007/s11368-022-03313-w
"Zhang, ZC; Liu, Y; Han, ZQ; Liao, XC",2022,10.3389/fenvs.2022.929250,http://dx.doi.org/10.3389/fenvs.2022.929250
"Zhao, JF; Liu, DS; Zhu, YJ; Peng, HW; Xie, HF",2022,10.1016/j.jclepro.2022.130692,http://dx.doi.org/10.1016/j.jclepro.2022.130692
"Zhou, LY; Zhou, XH; He, YH; Fu, YL; Du, ZG; Lu, M; Sun, XY; Li, CH; Lu, CY; Liu, RQ; Zhou, GY; Bai, SH; Thakur, MP",2022,10.1038/s41467-022-32671-9,http://dx.doi.org/10.1038/s41467-022-32671-9
"Zhou, SN; Li, N; Margenot, AJ",2022,10.1016/j.geoderma.2022.115989,http://dx.doi.org/10.1016/j.geoderma.2022.115989
"Zuidmeer, L; Goldhahn, K; Rona, RJ; Gislason, D; Madsen, C; Summers, C; Sodergren, E; Dahlstrom, J; Lindner, T; Sigurdardottir, ST; McBride, D; Keil, T",2008,10.1016/j.jaci.2008.02.019,http://dx.doi.org/10.1016/j.jaci.2008.02.019